feature,importance
away_team_encoded,0.4746693754469008
home_team_encoded,0.4438330064846048
is_neutral,0.0750649944955223
rank_diff,0.002466757556054835
home_rank,0.0019391938791070993
is_ranked_matchup,0.0018166930712401987
away_rank,0.00020997906656995357
