feature,importance
away_team_encoded,0.4665178211048299
home_team_encoded,0.43530383126533606
is_neutral,0.08559322080606363
rank_diff,0.005651837382070872
home_rank,0.003338857557829703
is_ranked_matchup,0.0018409551591000441
away_rank,0.0017534767247698395
