feature,importance
away_team_encoded,0.4855182031215684
home_team_encoded,0.4637990591395819
is_neutral,0.04387012665760993
rank_diff,0.0030447757380312407
home_rank,0.0018835780075651186
away_rank,0.0009459021872271723
is_ranked_matchup,0.0009383551484163075
