feature,importance
away_team_encoded,0.46369941372327633
home_team_encoded,0.42818983631345253
is_neutral,0.0849326176677259
rank_diff,0.010726733356722194
home_rank,0.005417421305484861
away_rank,0.004285862079147752
is_ranked_matchup,0.0027481155541906493
