feature,importance
away_team_encoded,0.4657689099671017
home_team_encoded,0.437331605300432
is_neutral,0.0779303715028728
rank_diff,0.008455653535719516
home_rank,0.005163785926365634
away_rank,0.003304900776765305
is_ranked_matchup,0.0020447729907431093
