feature,importance
away_team_encoded,0.4661187787491154
home_team_encoded,0.4488822784243026
is_neutral,0.07517950683731628
rank_diff,0.003809814439745662
home_rank,0.0035628553895117048
is_ranked_matchup,0.0018113849752618223
away_rank,0.0006353811847464463
