feature,importance
away_team_encoded,0.48250748950352984
home_team_encoded,0.4675310610923283
is_neutral,0.04314244719346546
rank_diff,0.0032173691442714887
home_rank,0.0016434627379549006
away_rank,0.0009924204850267895
is_ranked_matchup,0.0009657498434231788
