feature,importance
away_team_encoded,0.4598109253739392
home_team_encoded,0.4461257564021918
is_neutral,0.07922017800262038
rank_diff,0.006242293441340707
home_rank,0.0034737423201157314
away_rank,0.003138923247806022
is_ranked_matchup,0.001988181211986062
