feature,random_forest_importance,logistic_importance,weighted_importance
home_rank,0.24964106468720915,0.1393792418994004,0.2275887001296474
away_rank,0.21316539608457863,0.14278554794594756,0.1990894264568524
rank_diff,0.22106552697647136,0.008527431038584833,0.17855790778889405
away_team_encoded,0.1703678493722344,0.18669940359703113,0.17363416021719374
home_team_encoded,0.1397750532090699,0.10900504994519049,0.13362105255629403
is_neutral,0.005985109670436669,0.04662859590005707,0.01411380691636075
