feature,importance
fs_point_diff10_diff,0.1604389786953759
fs_win_pct10_diff,0.15152973230509356
fs_point_diff_last5_vs10_diff,0.11502698126140025
home_team_encoded,0.11250297381817594
fs_recent_strength_index5_diff,0.11238946190248165
fs_point_diff5_diff,0.11236353812437867
away_team_encoded,0.11169059433226744
fs_win_pct5_diff,0.06275249628508184
fs_win_pct_last5_vs10_diff,0.04185234260274823
is_neutral,0.01943776699889834
home_rank,1.4860388862343125e-05
away_rank,2.7328523584833177e-07
