feature,importance
fs_win_pct10_diff,0.20248193278255666
fs_point_diff10_diff,0.17019781301381215
fs_point_diff5_diff,0.10250429220714481
fs_point_diff_last5_vs10_diff,0.1024417913716801
fs_recent_strength_index5_diff,0.09427128785609946
away_team_encoded,0.08764480666848133
home_team_encoded,0.08595718266865397
fs_win_pct5_diff,0.0852939757623203
fs_win_pct_last5_vs10_diff,0.04411083756614165
is_neutral,0.025076036834847684
home_rank,1.9892145429112605e-05
away_rank,1.5112283264656166e-07
