feature,importance
fs_win_pct10_diff,0.2043910806908358
fs_point_diff10_diff,0.1676161438307901
fs_point_diff_last5_vs10_diff,0.10254690174325333
fs_point_diff5_diff,0.10175573933688335
fs_recent_strength_index5_diff,0.0933312255430528
away_team_encoded,0.08858037785673209
fs_win_pct5_diff,0.08660692347935638
home_team_encoded,0.08583062379991425
fs_win_pct_last5_vs10_diff,0.04429783348828823
is_neutral,0.0250194451011665
home_rank,2.335329660459546e-05
away_rank,3.518331223546077e-07
