feature,importance
fs_point_diff10_diff,0.16449290562561988
fs_win_pct10_diff,0.14185392965051932
fs_point_diff_last5_vs10_diff,0.11526380649511968
home_team_encoded,0.11346905037006588
fs_recent_strength_index5_diff,0.11335274767004166
fs_point_diff5_diff,0.11323389118301867
away_team_encoded,0.1119090510356868
fs_win_pct5_diff,0.06375048172353101
fs_win_pct_last5_vs10_diff,0.043416061000627525
is_neutral,0.019246772776570442
home_rank,1.11279562961483e-05
away_rank,1.745129030697127e-07
