feature,importance
fs_win_pct10_diff,0.21088539831405295
fs_point_diff10_diff,0.16432221942470715
fs_point_diff_last5_vs10_diff,0.10517099759100462
fs_point_diff5_diff,0.10382915607056618
fs_recent_strength_index5_diff,0.09519838124151954
away_team_encoded,0.08680732721553124
home_team_encoded,0.08540885529647613
fs_win_pct5_diff,0.08216914294855002
fs_win_pct_last5_vs10_diff,0.040956723392416544
is_neutral,0.025237957025620133
home_rank,1.3655732755580399e-05
away_rank,1.8574679996518686e-07
