feature,importance
away_team_encoded,0.4770708981573742
home_team_encoded,0.44321051686450763
is_neutral,0.07452865276630619
home_rank,0.005160595845235007
away_rank,2.9336366577085047e-05
