feature,importance
fs_win_pct10_diff,0.21352588113186458
fs_point_diff10_diff,0.16419810598484147
fs_point_diff_last5_vs10_diff,0.1048879956019353
fs_point_diff5_diff,0.10301619555745464
fs_recent_strength_index5_diff,0.09632821777641282
away_team_encoded,0.0869843122430691
home_team_encoded,0.08556305888942017
fs_win_pct5_diff,0.07942905975215911
fs_win_pct_last5_vs10_diff,0.040814550877635386
is_neutral,0.0252390726161413
home_rank,1.335533813374918e-05
away_rank,1.9423093227158884e-07
