feature,importance
fs_win_pct10_diff,0.2030568389294124
fs_point_diff10_diff,0.16956835243481472
fs_point_diff5_diff,0.1036707622384731
fs_point_diff_last5_vs10_diff,0.10248631406754935
fs_recent_strength_index5_diff,0.09314506774352287
away_team_encoded,0.0880212561185605
fs_win_pct5_diff,0.0862044644153718
home_team_encoded,0.08568996725884004
fs_win_pct_last5_vs10_diff,0.042889806814239276
is_neutral,0.024995773033233016
away_rank,0.00020137459024510026
home_rank,7.002235573783528e-05
