feature,importance
fs_point_diff10_diff,0.16468701282796122
fs_win_pct10_diff,0.1416587308058942
fs_point_diff_last5_vs10_diff,0.11537143306405159
home_team_encoded,0.11320039296947686
fs_recent_strength_index5_diff,0.11302210245523929
fs_point_diff5_diff,0.11256673800815345
away_team_encoded,0.11235046294714618
fs_win_pct5_diff,0.06485922045842957
fs_win_pct_last5_vs10_diff,0.04279766989161819
is_neutral,0.019473814934842442
home_rank,1.2240387131370251e-05
away_rank,1.8125005572359682e-07
