feature,importance
away_team_encoded,0.47725531764089063
home_team_encoded,0.4441661082735089
is_neutral,0.07373725275362106
home_rank,0.004784762085106166
away_rank,5.655924687318395e-05
