feature,importance
fs_win_pct10_diff,0.20927921412102857
fs_point_diff10_diff,0.16865477291746145
fs_point_diff_last5_vs10_diff,0.10270541631527337
fs_point_diff5_diff,0.10007967025608809
fs_recent_strength_index5_diff,0.09611065652841258
away_team_encoded,0.08745058761175573
home_team_encoded,0.08544397185960369
fs_win_pct5_diff,0.08320902695897694
fs_win_pct_last5_vs10_diff,0.04177000071525627
is_neutral,0.025287841141402735
home_rank,8.721921618243783e-06
away_rank,1.1965312236691594e-07
