{
  "total_predictions": 1488,
  "correct_predictions": 1088,
  "avg_confidence": 0.8100970280506918,
  "accuracy": 0.7311827956989247
}