{
  "total_predictions": 3192,
  "correct_predictions": 2063,
  "avg_confidence": 0.7771598312975769,
  "accuracy": 0.6463032581453634
}