{
  "total_predictions": 2674,
  "correct_predictions": 1761,
  "avg_confidence": 0.7815029279188871,
  "accuracy": 0.6585639491398654
}