{
  "total_predictions": 3404,
  "correct_predictions": 2286,
  "avg_confidence": 0.8159208199672497,
  "accuracy": 0.6715628672150411
}