{
  "total_predictions": 1981,
  "correct_predictions": 1371,
  "avg_confidence": 0.7803856947396753,
  "accuracy": 0.6920747097425543
}