{
  "total_predictions": 4644,
  "correct_predictions": 2964,
  "avg_confidence": 0.7644858007976251,
  "accuracy": 0.6382428940568475
}