{
  "total_predictions": 918,
  "correct_predictions": 524,
  "avg_confidence": 0.7748454798800234,
  "accuracy": 0.5708061002178649
}