{
  "total_predictions": 5326,
  "correct_predictions": 3397,
  "avg_confidence": 0.7595086261893053,
  "accuracy": 0.6378144949305294
}