{
  "total_predictions": 3044,
  "correct_predictions": 1966,
  "avg_confidence": 0.7784264180099447,
  "accuracy": 0.6458607095926413
}