{
  "total_predictions": 5470,
  "correct_predictions": 3472,
  "avg_confidence": 0.7579426156646373,
  "accuracy": 0.6347349177330895
}