{
  "total_predictions": 2008,
  "correct_predictions": 1394,
  "avg_confidence": 0.8170821914575489,
  "accuracy": 0.6942231075697212
}