{
  "total_predictions": 886,
  "correct_predictions": 681,
  "avg_confidence": 0.8051184997063459,
  "accuracy": 0.7686230248306998
}