{
  "total_predictions": 2283,
  "correct_predictions": 1565,
  "avg_confidence": 0.8177969436660129,
  "accuracy": 0.6855015330705212
}