{
  "total_predictions": 3201,
  "correct_predictions": 2151,
  "avg_confidence": 0.8151297858639532,
  "accuracy": 0.6719775070290535
}