{
  "total_predictions": 4554,
  "correct_predictions": 2900,
  "avg_confidence": 0.765131809992072,
  "accuracy": 0.6368028107158542
}