{
  "total_predictions": 952,
  "correct_predictions": 723,
  "avg_confidence": 0.8043597495856405,
  "accuracy": 0.759453781512605
}