{
  "total_predictions": 3027,
  "correct_predictions": 2034,
  "avg_confidence": 0.8148362533188434,
  "accuracy": 0.6719524281466799
}