{
  "total_predictions": 3857,
  "correct_predictions": 2476,
  "avg_confidence": 0.7715712694698954,
  "accuracy": 0.6419497018408089
}