{
  "total_predictions": 1629,
  "correct_predictions": 1183,
  "avg_confidence": 0.8129114640717714,
  "accuracy": 0.7262124002455494
}