{
  "total_predictions": 4079,
  "correct_predictions": 2738,
  "avg_confidence": 0.8149341563437318,
  "accuracy": 0.671242951703849
}