{
  "total_predictions": 2970,
  "correct_predictions": 1922,
  "avg_confidence": 0.77878364575431,
  "accuracy": 0.6471380471380471
}