{
  "total_predictions": 3280,
  "correct_predictions": 2115,
  "avg_confidence": 0.7762399464118771,
  "accuracy": 0.6448170731707317
}