{
  "total_predictions": 1937,
  "correct_predictions": 1351,
  "avg_confidence": 0.7793847039672721,
  "accuracy": 0.6974703149199794
}