{
  "total_predictions": 1848,
  "correct_predictions": 1311,
  "avg_confidence": 0.8159780642622477,
  "accuracy": 0.7094155844155844
}