{
  "total_predictions": 1737,
  "correct_predictions": 1209,
  "avg_confidence": 0.7739931215962667,
  "accuracy": 0.696027633851468
}