{
  "total_predictions": 1410,
  "correct_predictions": 1002,
  "avg_confidence": 0.7673400362332662,
  "accuracy": 0.7106382978723405
}