{
  "total_predictions": 4165,
  "correct_predictions": 2661,
  "avg_confidence": 0.7684385577312896,
  "accuracy": 0.6388955582232894
}