{
  "total_predictions": 804,
  "correct_predictions": 492,
  "avg_confidence": 0.8071187209727159,
  "accuracy": 0.6119402985074627
}