{
  "total_predictions": 1190,
  "correct_predictions": 894,
  "avg_confidence": 0.8053635705919827,
  "accuracy": 0.7512605042016807
}