{
  "total_predictions": 1591,
  "correct_predictions": 1159,
  "avg_confidence": 0.8120567951466137,
  "accuracy": 0.7284726587052168
}