{
  "total_predictions": 1604,
  "correct_predictions": 1116,
  "avg_confidence": 0.7711532895924742,
  "accuracy": 0.6957605985037406
}