{
  "total_predictions": 4376,
  "correct_predictions": 2785,
  "avg_confidence": 0.7666151030108306,
  "accuracy": 0.6364259597806216
}