{
  "total_predictions": 5490,
  "correct_predictions": 3481,
  "avg_confidence": 0.7576691146213934,
  "accuracy": 0.6340619307832422
}