{
  "total_predictions": 5464,
  "correct_predictions": 3470,
  "avg_confidence": 0.7580525323770406,
  "accuracy": 0.6350658857979502
}