{
  "total_predictions": 1664,
  "correct_predictions": 1155,
  "avg_confidence": 0.7720863854942414,
  "accuracy": 0.6941105769230769
}