{
  "total_predictions": 1781,
  "correct_predictions": 1239,
  "avg_confidence": 0.7754465658165376,
  "accuracy": 0.6956765861875351
}