{
  "total_predictions": 5484,
  "correct_predictions": 3477,
  "avg_confidence": 0.757676547402713,
  "accuracy": 0.6340262582056893
}