{
  "total_predictions": 1711,
  "correct_predictions": 1237,
  "avg_confidence": 0.813893989608136,
  "accuracy": 0.722969023962595
}