{
  "total_predictions": 798,
  "correct_predictions": 488,
  "avg_confidence": 0.8068847193903194,
  "accuracy": 0.6115288220551378
}