{
  "total_predictions": 4310,
  "correct_predictions": 2742,
  "avg_confidence": 0.7671011540286778,
  "accuracy": 0.6361948955916473
}