{
  "total_predictions": 1300,
  "correct_predictions": 619,
  "avg_confidence": 0.8031902685073706,
  "accuracy": 0.47615384615384615
}