{
  "total_predictions": 1849,
  "correct_predictions": 1288,
  "avg_confidence": 0.7773175028416194,
  "accuracy": 0.6965927528393726
}