{
  "total_predictions": 2478,
  "correct_predictions": 1343,
  "avg_confidence": 0.7548019107885183,
  "accuracy": 0.5419693301049233
}