{
  "total_predictions": 3961,
  "correct_predictions": 2540,
  "avg_confidence": 0.7708634032170238,
  "accuracy": 0.6412522090381216
}