{
  "total_predictions": 1121,
  "correct_predictions": 805,
  "avg_confidence": 0.7686278640320001,
  "accuracy": 0.7181088314005353
}