{
  "total_predictions": 1363,
  "correct_predictions": 1000,
  "avg_confidence": 0.8081659700445454,
  "accuracy": 0.7336757153338225
}