{
  "total_predictions": 4128,
  "correct_predictions": 2769,
  "avg_confidence": 0.8149424007292404,
  "accuracy": 0.6707848837209303
}