{
  "total_predictions": 948,
  "correct_predictions": 720,
  "avg_confidence": 0.8043192589207541,
  "accuracy": 0.759493670886076
}