{
  "total_predictions": 4224,
  "correct_predictions": 2835,
  "avg_confidence": 0.8144436294325825,
  "accuracy": 0.6711647727272727
}