{
  "total_predictions": 2950,
  "correct_predictions": 1983,
  "avg_confidence": 0.8148304439803301,
  "accuracy": 0.6722033898305084
}