{
  "total_predictions": 3280,
  "correct_predictions": 2207,
  "avg_confidence": 0.8155532644107575,
  "accuracy": 0.6728658536585366
}