{
  "total_predictions": 1529,
  "correct_predictions": 1116,
  "avg_confidence": 0.8107406914117213,
  "accuracy": 0.7298888162197514
}