{
  "total_predictions": 2188,
  "correct_predictions": 1483,
  "avg_confidence": 0.7833252249513727,
  "accuracy": 0.6777879341864717
}