{
  "total_predictions": 2782,
  "correct_predictions": 1878,
  "avg_confidence": 0.8164747838147847,
  "accuracy": 0.6750539180445723
}