{
  "total_predictions": 3907,
  "correct_predictions": 2504,
  "avg_confidence": 0.7710011354608245,
  "accuracy": 0.6409009470181725
}