{
  "total_predictions": 4166,
  "correct_predictions": 2796,
  "avg_confidence": 0.8148341569915393,
  "accuracy": 0.671147383581373
}