{
  "total_predictions": 2564,
  "correct_predictions": 1699,
  "avg_confidence": 0.781711321934337,
  "accuracy": 0.6626365054602185
}