{
  "total_predictions": 2023,
  "correct_predictions": 1151,
  "avg_confidence": 0.7962833945255025,
  "accuracy": 0.5689569945625309
}