{
  "total_predictions": 5480,
  "correct_predictions": 3476,
  "avg_confidence": 0.7577038124094915,
  "accuracy": 0.6343065693430657
}