{
  "total_predictions": 2740,
  "correct_predictions": 1850,
  "avg_confidence": 0.816989899573535,
  "accuracy": 0.6751824817518248
}