{
  "total_predictions": 847,
  "correct_predictions": 656,
  "avg_confidence": 0.8055844038126742,
  "accuracy": 0.7744982290436836
}