{
  "total_predictions": 2195,
  "correct_predictions": 1517,
  "avg_confidence": 0.8176350177556344,
  "accuracy": 0.6911161731207289
}