{
  "total_predictions": 5220,
  "correct_predictions": 3334,
  "avg_confidence": 0.7606595522142462,
  "accuracy": 0.6386973180076628
}