{
  "total_predictions": 2916,
  "correct_predictions": 1894,
  "avg_confidence": 0.7791359797426702,
  "accuracy": 0.649519890260631
}