{
  "total_predictions": 1673,
  "correct_predictions": 1218,
  "avg_confidence": 0.8135217879250316,
  "accuracy": 0.7280334728033473
}