{
  "total_predictions": 1976,
  "correct_predictions": 1371,
  "avg_confidence": 0.7802756429623495,
  "accuracy": 0.6938259109311741
}