{
  "total_predictions": 4221,
  "correct_predictions": 2691,
  "avg_confidence": 0.7674894384850939,
  "accuracy": 0.6375266524520256
}