{
  "total_predictions": 2343,
  "correct_predictions": 1560,
  "avg_confidence": 0.7828599967307328,
  "accuracy": 0.6658130601792573
}