{
  "total_predictions": 2672,
  "correct_predictions": 1803,
  "avg_confidence": 0.8170757250202273,
  "accuracy": 0.6747754491017964
}