{
  "total_predictions": 807,
  "correct_predictions": 494,
  "avg_confidence": 0.8068956537022172,
  "accuracy": 0.6121437422552665
}