{
  "total_predictions": 2677,
  "correct_predictions": 1806,
  "avg_confidence": 0.817074785848852,
  "accuracy": 0.674635786327979
}