{
  "total_predictions": 4213,
  "correct_predictions": 2829,
  "avg_confidence": 0.8145159744831549,
  "accuracy": 0.671492997863755
}