{
  "total_predictions": 2803,
  "correct_predictions": 1891,
  "avg_confidence": 0.8163554299911175,
  "accuracy": 0.674634320371031
}