{
  "total_predictions": 1140,
  "correct_predictions": 854,
  "avg_confidence": 0.8045019205724984,
  "accuracy": 0.7491228070175439
}