{
  "total_predictions": 3538,
  "correct_predictions": 2274,
  "avg_confidence": 0.7737999108634203,
  "accuracy": 0.642736009044658
}