{
  "total_predictions": 3068,
  "correct_predictions": 2061,
  "avg_confidence": 0.8149001016494037,
  "accuracy": 0.6717731421121251
}