{
  "total_predictions": 2477,
  "correct_predictions": 1673,
  "avg_confidence": 0.8166239765511437,
  "accuracy": 0.6754138070246266
}