{
  "total_predictions": 4101,
  "correct_predictions": 2750,
  "avg_confidence": 0.8149828228448199,
  "accuracy": 0.6705681541087539
}