{
  "total_predictions": 1147,
  "correct_predictions": 822,
  "avg_confidence": 0.7688431642111634,
  "accuracy": 0.7166521360069747
}