{
  "total_predictions": 2512,
  "correct_predictions": 1662,
  "avg_confidence": 0.7824383419552806,
  "accuracy": 0.6616242038216561
}