{
  "total_predictions": 5488,
  "correct_predictions": 3480,
  "avg_confidence": 0.7576943321191535,
  "accuracy": 0.6341107871720116
}