{
  "total_predictions": 1120,
  "correct_predictions": 804,
  "avg_confidence": 0.7685552103178842,
  "accuracy": 0.7178571428571429
}