{
  "total_predictions": 2918,
  "correct_predictions": 1964,
  "avg_confidence": 0.8149709846157992,
  "accuracy": 0.6730637422892392
}