{
  "total_predictions": 1716,
  "correct_predictions": 1237,
  "avg_confidence": 0.8139230810053699,
  "accuracy": 0.7208624708624709
}