{
  "total_predictions": 5206,
  "correct_predictions": 3326,
  "avg_confidence": 0.7608886956367134,
  "accuracy": 0.6388782174414137
}