{
  "total_predictions": 808,
  "correct_predictions": 321,
  "avg_confidence": 0.8067942653404604,
  "accuracy": 0.3972772277227723
}