{
  "total_predictions": 5478,
  "correct_predictions": 3474,
  "avg_confidence": 0.757718317860798,
  "accuracy": 0.6341730558598029
}