{
  "total_predictions": 2271,
  "correct_predictions": 1523,
  "avg_confidence": 0.7832589421383561,
  "accuracy": 0.6706296785557023
}