{
  "total_predictions": 799,
  "correct_predictions": 489,
  "avg_confidence": 0.8069411438606559,
  "accuracy": 0.6120150187734669
}