{
  "total_predictions": 4545,
  "correct_predictions": 2895,
  "avg_confidence": 0.7650347351241034,
  "accuracy": 0.636963696369637
}