{
  "total_predictions": 3968,
  "correct_predictions": 2669,
  "avg_confidence": 0.8146281880777209,
  "accuracy": 0.6726310483870968
}