{
  "total_predictions": 3846,
  "correct_predictions": 2470,
  "avg_confidence": 0.7716891440295082,
  "accuracy": 0.642225689027561
}