{
  "total_predictions": 1085,
  "correct_predictions": 783,
  "avg_confidence": 0.7699742099656487,
  "accuracy": 0.7216589861751153
}