{
  "total_predictions": 917,
  "correct_predictions": 523,
  "avg_confidence": 0.774761376945117,
  "accuracy": 0.5703380588876772
}