{
  "total_predictions": 2880,
  "correct_predictions": 1871,
  "avg_confidence": 0.7793853493614329,
  "accuracy": 0.6496527777777777
}