{
  "total_predictions": 3638,
  "correct_predictions": 2440,
  "avg_confidence": 0.8145317781620329,
  "accuracy": 0.6706981858163826
}