{
  "total_predictions": 4196,
  "correct_predictions": 2819,
  "avg_confidence": 0.8146789656921838,
  "accuracy": 0.6718303145853194
}