{
  "total_predictions": 3902,
  "correct_predictions": 2624,
  "avg_confidence": 0.8148355168571599,
  "accuracy": 0.67247565351102
}