{
  "total_predictions": 1015,
  "correct_predictions": 767,
  "avg_confidence": 0.8045159513727197,
  "accuracy": 0.7556650246305419
}