{
  "total_predictions": 987,
  "correct_predictions": 749,
  "avg_confidence": 0.8048661279340162,
  "accuracy": 0.7588652482269503
}