{
  "total_predictions": 1743,
  "correct_predictions": 1250,
  "avg_confidence": 0.8141473655172689,
  "accuracy": 0.7171543316121629
}