{
  "total_predictions": 3868,
  "correct_predictions": 2600,
  "avg_confidence": 0.81477316545232,
  "accuracy": 0.672182006204757
}