{
  "total_predictions": 4034,
  "correct_predictions": 2584,
  "avg_confidence": 0.769794162290783,
  "accuracy": 0.6405552801189885
}