{
  "total_predictions": 2416,
  "correct_predictions": 1635,
  "avg_confidence": 0.8167739594910318,
  "accuracy": 0.6767384105960265
}