{
  "total_predictions": 1114,
  "correct_predictions": 800,
  "avg_confidence": 0.7690033837216547,
  "accuracy": 0.718132854578097
}