{
  "total_predictions": 3178,
  "correct_predictions": 2055,
  "avg_confidence": 0.7776492661354,
  "accuracy": 0.6466331025802391
}