{
  "total_predictions": 5396,
  "correct_predictions": 3427,
  "avg_confidence": 0.7583159220227496,
  "accuracy": 0.6351000741289844
}