{
  "total_predictions": 808,
  "correct_predictions": 324,
  "avg_confidence": 0.8067942653404604,
  "accuracy": 0.400990099009901
}