{
  "total_predictions": 1294,
  "correct_predictions": 955,
  "avg_confidence": 0.8074859152713552,
  "accuracy": 0.7380216383307573
}