{
  "total_predictions": 956,
  "correct_predictions": 726,
  "avg_confidence": 0.8044752449919489,
  "accuracy": 0.7594142259414226
}