{
  "total_predictions": 906,
  "correct_predictions": 694,
  "avg_confidence": 0.8050037994158452,
  "accuracy": 0.7660044150110376
}