{
  "total_predictions": 4701,
  "correct_predictions": 3005,
  "avg_confidence": 0.7640899523246342,
  "accuracy": 0.6392256966602851
}