{
  "total_predictions": 4590,
  "correct_predictions": 2925,
  "avg_confidence": 0.7651503553967071,
  "accuracy": 0.6372549019607843
}