{
  "total_predictions": 2288,
  "correct_predictions": 1568,
  "avg_confidence": 0.8178412278371674,
  "accuracy": 0.6853146853146853
}