{
  "total_predictions": 1964,
  "correct_predictions": 1372,
  "avg_confidence": 0.8169854538261041,
  "accuracy": 0.6985743380855397
}