{
  "total_predictions": 1245,
  "correct_predictions": 590,
  "avg_confidence": 0.8021124804355054,
  "accuracy": 0.4738955823293173
}