{
  "total_predictions": 914,
  "correct_predictions": 699,
  "avg_confidence": 0.8049426648105521,
  "accuracy": 0.7647702407002188
}