{
  "total_predictions": 4223,
  "correct_predictions": 2835,
  "avg_confidence": 0.8144513990623308,
  "accuracy": 0.6713237035282974
}