{
  "total_predictions": 3569,
  "correct_predictions": 2299,
  "avg_confidence": 0.7738148700492861,
  "accuracy": 0.6441580274586719
}