{
  "total_predictions": 4363,
  "correct_predictions": 2773,
  "avg_confidence": 0.7667046511853586,
  "accuracy": 0.6355718542287417
}