{
  "total_predictions": 2936,
  "correct_predictions": 1975,
  "avg_confidence": 0.8149490076693268,
  "accuracy": 0.672683923705722
}