{
  "total_predictions": 1155,
  "correct_predictions": 828,
  "avg_confidence": 0.7691552625590072,
  "accuracy": 0.7168831168831169
}