{
  "total_predictions": 3682,
  "correct_predictions": 2369,
  "avg_confidence": 0.7731556359158464,
  "accuracy": 0.6434003259098316
}