{
  "total_predictions": 4722,
  "correct_predictions": 3018,
  "avg_confidence": 0.7639992009502808,
  "accuracy": 0.639135959339263
}