{
  "total_predictions": 3520,
  "correct_predictions": 2362,
  "avg_confidence": 0.8155197438699278,
  "accuracy": 0.6710227272727273
}