{
  "total_predictions": 1576,
  "correct_predictions": 845,
  "avg_confidence": 0.7995981526405073,
  "accuracy": 0.5361675126903553
}