{
  "total_predictions": 5244,
  "correct_predictions": 3350,
  "avg_confidence": 0.7603002213549741,
  "accuracy": 0.6388253241800153
}