{
  "total_predictions": 1881,
  "correct_predictions": 1334,
  "avg_confidence": 0.8165749407461005,
  "accuracy": 0.7091972355130249
}