{
  "total_predictions": 810,
  "correct_predictions": 495,
  "avg_confidence": 0.805088930512652,
  "accuracy": 0.6111111111111112
}