{
  "total_predictions": 1267,
  "correct_predictions": 940,
  "avg_confidence": 0.8071440102645705,
  "accuracy": 0.7419100236779794
}