{
  "total_predictions": 928,
  "correct_predictions": 337,
  "avg_confidence": 0.7748701801716253,
  "accuracy": 0.36314655172413796
}