{
  "total_predictions": 2681,
  "correct_predictions": 1765,
  "avg_confidence": 0.7814586377775256,
  "accuracy": 0.6583364416262588
}