{
  "total_predictions": 1501,
  "correct_predictions": 1052,
  "avg_confidence": 0.7689703381673088,
  "accuracy": 0.7008660892738174
}