{
  "total_predictions": 978,
  "correct_predictions": 714,
  "avg_confidence": 0.772609053152958,
  "accuracy": 0.7300613496932515
}