{
  "total_predictions": 3372,
  "correct_predictions": 2269,
  "avg_confidence": 0.8160853870080459,
  "accuracy": 0.6728944246737841
}