{
  "total_predictions": 1112,
  "correct_predictions": 798,
  "avg_confidence": 0.7688577063113665,
  "accuracy": 0.7176258992805755
}