{
  "total_predictions": 3631,
  "correct_predictions": 2335,
  "avg_confidence": 0.7737305026939506,
  "accuracy": 0.6430735334618563
}