{
  "total_predictions": 2020,
  "correct_predictions": 1402,
  "avg_confidence": 0.8171824354936581,
  "accuracy": 0.694059405940594
}