{
  "total_predictions": 3994,
  "correct_predictions": 2684,
  "avg_confidence": 0.8146428056938027,
  "accuracy": 0.6720080120180271
}