{
  "total_predictions": 3183,
  "correct_predictions": 2140,
  "avg_confidence": 0.815060335380867,
  "accuracy": 0.6723217090794847
}