{
  "total_predictions": 4187,
  "correct_predictions": 2814,
  "avg_confidence": 0.8148080843258565,
  "accuracy": 0.6720802483878672
}