{
  "total_predictions": 1819,
  "correct_predictions": 901,
  "avg_confidence": 0.7662219880962844,
  "accuracy": 0.4953271028037383
}