{
  "total_predictions": 3520,
  "correct_predictions": 2262,
  "avg_confidence": 0.7739950264211405,
  "accuracy": 0.6426136363636363
}