{
  "total_predictions": 1219,
  "correct_predictions": 870,
  "avg_confidence": 0.767793670015515,
  "accuracy": 0.7136997538966365
}