{
  "total_predictions": 928,
  "correct_predictions": 530,
  "avg_confidence": 0.7748701801716253,
  "accuracy": 0.5711206896551724
}