{
  "total_predictions": 3252,
  "correct_predictions": 2188,
  "avg_confidence": 0.8153325551880242,
  "accuracy": 0.6728167281672817
}