{
  "total_predictions": 1485,
  "correct_predictions": 1086,
  "avg_confidence": 0.8100863539811337,
  "accuracy": 0.7313131313131314
}