{
  "total_predictions": 3628,
  "correct_predictions": 2432,
  "avg_confidence": 0.8146032632021551,
  "accuracy": 0.6703417861080485
}