{
  "total_predictions": 1024,
  "correct_predictions": 774,
  "avg_confidence": 0.8045213451841846,
  "accuracy": 0.755859375
}