{
  "total_predictions": 5282,
  "correct_predictions": 3368,
  "avg_confidence": 0.7599328865227668,
  "accuracy": 0.6376372586141613
}