{
  "total_predictions": 1469,
  "correct_predictions": 1036,
  "avg_confidence": 0.7681096383225277,
  "accuracy": 0.7052416609938734
}