{
  "total_predictions": 1112,
  "correct_predictions": 835,
  "avg_confidence": 0.8041179789592037,
  "accuracy": 0.7508992805755396
}