{
  "total_predictions": 3934,
  "correct_predictions": 2646,
  "avg_confidence": 0.8146165780719307,
  "accuracy": 0.6725978647686833
}