{
  "total_predictions": 927,
  "correct_predictions": 529,
  "avg_confidence": 0.7749240057625303,
  "accuracy": 0.5706580366774542
}