{
  "total_predictions": 951,
  "correct_predictions": 722,
  "avg_confidence": 0.8043117577094511,
  "accuracy": 0.7592008412197687
}