{
  "total_predictions": 4959,
  "correct_predictions": 3169,
  "avg_confidence": 0.7623862934151011,
  "accuracy": 0.6390401290582779
}