{
  "total_predictions": 1931,
  "correct_predictions": 1100,
  "avg_confidence": 0.7984193196449794,
  "accuracy": 0.5696530295183843
}