{
  "total_predictions": 3227,
  "correct_predictions": 2084,
  "avg_confidence": 0.7767115861297503,
  "accuracy": 0.6458010536101643
}