{
  "total_predictions": 2492,
  "correct_predictions": 1648,
  "avg_confidence": 0.7825821514927557,
  "accuracy": 0.6613162118780096
}