{
  "total_predictions": 821,
  "correct_predictions": 637,
  "avg_confidence": 0.8068373426885755,
  "accuracy": 0.7758830694275274
}