{
  "total_predictions": 1919,
  "correct_predictions": 1351,
  "avg_confidence": 0.8166359235931027,
  "accuracy": 0.7040125065138093
}