{
  "total_predictions": 1529,
  "correct_predictions": 1068,
  "avg_confidence": 0.7697681249396484,
  "accuracy": 0.6984957488554611
}