{
  "total_predictions": 4197,
  "correct_predictions": 2679,
  "avg_confidence": 0.7678760942005106,
  "accuracy": 0.63831308077198
}