{
  "total_predictions": 4216,
  "correct_predictions": 2831,
  "avg_confidence": 0.8144808432097905,
  "accuracy": 0.6714895635673624
}