{
  "total_predictions": 5045,
  "correct_predictions": 3228,
  "avg_confidence": 0.762103844799537,
  "accuracy": 0.6398414271555996
}