{
  "total_predictions": 3855,
  "correct_predictions": 2590,
  "avg_confidence": 0.8148953727711036,
  "accuracy": 0.6718547341115434
}