{
  "total_predictions": 4999,
  "correct_predictions": 3198,
  "avg_confidence": 0.7622466748489048,
  "accuracy": 0.6397279455891178
}