{
  "total_predictions": 1706,
  "correct_predictions": 1129,
  "avg_confidence": 0.7972549290198654,
  "accuracy": 0.6617819460726846
}