{
  "total_predictions": 5406,
  "correct_predictions": 3432,
  "avg_confidence": 0.7582389028853855,
  "accuracy": 0.634850166481687
}