{
  "total_predictions": 1193,
  "correct_predictions": 852,
  "avg_confidence": 0.7684587526501274,
  "accuracy": 0.7141659681475272
}