{
  "total_predictions": 2129,
  "correct_predictions": 1451,
  "avg_confidence": 0.7830279309069847,
  "accuracy": 0.6815406294034758
}