{
  "total_predictions": 2671,
  "correct_predictions": 1802,
  "avg_confidence": 0.8171147078844725,
  "accuracy": 0.6746536877573942
}