{
  "total_predictions": 2158,
  "correct_predictions": 1487,
  "avg_confidence": 0.8174619901169219,
  "accuracy": 0.6890639481000926
}