{
  "total_predictions": 1895,
  "correct_predictions": 1339,
  "avg_confidence": 0.816676314053246,
  "accuracy": 0.7065963060686016
}