{
  "total_predictions": 3741,
  "correct_predictions": 2516,
  "avg_confidence": 0.8145472596463467,
  "accuracy": 0.6725474472066293
}