{
  "total_predictions": 5491,
  "correct_predictions": 3481,
  "avg_confidence": 0.7576734787387462,
  "accuracy": 0.633946457840102
}