{
  "total_predictions": 1064,
  "correct_predictions": 769,
  "avg_confidence": 0.7703218899275127,
  "accuracy": 0.7227443609022557
}