{
  "total_predictions": 1065,
  "correct_predictions": 770,
  "avg_confidence": 0.7702994209499986,
  "accuracy": 0.7230046948356808
}