{
  "total_predictions": 4047,
  "correct_predictions": 2720,
  "avg_confidence": 0.8147508048675429,
  "accuracy": 0.672102792191747
}