{
  "total_predictions": 2518,
  "correct_predictions": 1700,
  "avg_confidence": 0.8168074522489968,
  "accuracy": 0.6751389992057188
}