{
  "total_predictions": 1113,
  "correct_predictions": 799,
  "avg_confidence": 0.7689306104600911,
  "accuracy": 0.7178796046720575
}