{
  "total_predictions": 1321,
  "correct_predictions": 939,
  "avg_confidence": 0.7656155251626441,
  "accuracy": 0.7108251324753975
}