{
  "total_predictions": 2328,
  "correct_predictions": 1551,
  "avg_confidence": 0.782852604217136,
  "accuracy": 0.6662371134020618
}