{
  "total_predictions": 5466,
  "correct_predictions": 3471,
  "avg_confidence": 0.7579850118935785,
  "accuracy": 0.6350164654226125
}