{
  "total_predictions": 1513,
  "correct_predictions": 659,
  "avg_confidence": 0.7694564116213862,
  "accuracy": 0.4355584930601454
}