{
  "total_predictions": 1206,
  "correct_predictions": 861,
  "avg_confidence": 0.7679256166194011,
  "accuracy": 0.7139303482587065
}