{
  "total_predictions": 1245,
  "correct_predictions": 798,
  "avg_confidence": 0.8021124804355054,
  "accuracy": 0.6409638554216868
}