{
  "total_predictions": 1436,
  "correct_predictions": 886,
  "avg_confidence": 0.7700434315088399,
  "accuracy": 0.616991643454039
}