{
  "total_predictions": 3213,
  "correct_predictions": 2161,
  "avg_confidence": 0.8151958706109576,
  "accuracy": 0.6725801431683784
}