{
  "total_predictions": 3677,
  "correct_predictions": 2466,
  "avg_confidence": 0.8144555863622157,
  "accuracy": 0.6706554256187109
}