{
  "total_predictions": 3061,
  "correct_predictions": 2057,
  "avg_confidence": 0.8148648934557484,
  "accuracy": 0.6720026135249918
}