{
  "total_predictions": 4067,
  "correct_predictions": 2730,
  "avg_confidence": 0.8148952674185699,
  "accuracy": 0.6712564543889845
}