{
  "total_predictions": 3334,
  "correct_predictions": 2147,
  "avg_confidence": 0.7754328588239433,
  "accuracy": 0.6439712057588483
}