{
  "total_predictions": 1835,
  "correct_predictions": 909,
  "avg_confidence": 0.7665055778760677,
  "accuracy": 0.49536784741144413
}