{
  "total_predictions": 2579,
  "correct_predictions": 1739,
  "avg_confidence": 0.8165061574381606,
  "accuracy": 0.67429236138038
}