{
  "total_predictions": 1353,
  "correct_predictions": 958,
  "avg_confidence": 0.7662272551107301,
  "accuracy": 0.7080561714708056
}