{
  "total_predictions": 928,
  "correct_predictions": 334,
  "avg_confidence": 0.7748701801716253,
  "accuracy": 0.3599137931034483
}