{
  "total_predictions": 1560,
  "correct_predictions": 837,
  "avg_confidence": 0.7996068907089723,
  "accuracy": 0.5365384615384615
}