{
  "total_predictions": 1156,
  "correct_predictions": 829,
  "avg_confidence": 0.7692251974736118,
  "accuracy": 0.717128027681661
}