{
  "total_predictions": 3175,
  "correct_predictions": 2136,
  "avg_confidence": 0.8151094972805714,
  "accuracy": 0.672755905511811
}