{
  "total_predictions": 3389,
  "correct_predictions": 2278,
  "avg_confidence": 0.8159904106418163,
  "accuracy": 0.6721746827972853
}