{
  "total_predictions": 4215,
  "correct_predictions": 2830,
  "avg_confidence": 0.8144724163579206,
  "accuracy": 0.6714116251482799
}