{
  "total_predictions": 4524,
  "correct_predictions": 2879,
  "avg_confidence": 0.7653695275228072,
  "accuracy": 0.6363837312113174
}