{
  "total_predictions": 2144,
  "correct_predictions": 1476,
  "avg_confidence": 0.8173704291902372,
  "accuracy": 0.6884328358208955
}