{
  "total_predictions": 957,
  "correct_predictions": 727,
  "avg_confidence": 0.8044335933688292,
  "accuracy": 0.7596656217345873
}