{
  "total_predictions": 949,
  "correct_predictions": 692,
  "avg_confidence": 0.7734941348386388,
  "accuracy": 0.7291886195995785
}