{
  "total_predictions": 923,
  "correct_predictions": 527,
  "avg_confidence": 0.7751740284369025,
  "accuracy": 0.570964247020585
}