{
  "total_predictions": 1150,
  "correct_predictions": 861,
  "avg_confidence": 0.8048927881925002,
  "accuracy": 0.7486956521739131
}