{
  "total_predictions": 2217,
  "correct_predictions": 1497,
  "avg_confidence": 0.7830972272800227,
  "accuracy": 0.6752368064952639
}