{
  "total_predictions": 1740,
  "correct_predictions": 1211,
  "avg_confidence": 0.7740644794771041,
  "accuracy": 0.6959770114942528
}