{
  "total_predictions": 3691,
  "correct_predictions": 2374,
  "avg_confidence": 0.7731713711391843,
  "accuracy": 0.6431861284204823
}