{
  "total_predictions": 3291,
  "correct_predictions": 2216,
  "avg_confidence": 0.8155943831387569,
  "accuracy": 0.6733515648738985
}