{
  "total_predictions": 2031,
  "correct_predictions": 1159,
  "avg_confidence": 0.7959736447684111,
  "accuracy": 0.5706548498276711
}