{
  "total_predictions": 4210,
  "correct_predictions": 2828,
  "avg_confidence": 0.8145582738228478,
  "accuracy": 0.6717339667458432
}