{
  "total_predictions": 1365,
  "correct_predictions": 967,
  "avg_confidence": 0.7665800543931814,
  "accuracy": 0.7084249084249085
}