{
  "total_predictions": 5448,
  "correct_predictions": 3461,
  "avg_confidence": 0.7580509257780472,
  "accuracy": 0.6352790014684288
}