{
  "total_predictions": 3511,
  "correct_predictions": 2353,
  "avg_confidence": 0.8155513692024392,
  "accuracy": 0.6701794360581032
}