{
  "total_predictions": 3357,
  "correct_predictions": 2162,
  "avg_confidence": 0.775479681565714,
  "accuracy": 0.6440274054215073
}