{
  "total_predictions": 4865,
  "correct_predictions": 3110,
  "avg_confidence": 0.7630795129891658,
  "accuracy": 0.6392600205549845
}