{
  "total_predictions": 955,
  "correct_predictions": 725,
  "avg_confidence": 0.8044275750664516,
  "accuracy": 0.7591623036649214
}