{
  "total_predictions": 3495,
  "correct_predictions": 2248,
  "avg_confidence": 0.7742102276613784,
  "accuracy": 0.6432045779685265
}