{
  "total_predictions": 4251,
  "correct_predictions": 2707,
  "avg_confidence": 0.7674352518953006,
  "accuracy": 0.6367913432133616
}