{
  "total_predictions": 5381,
  "correct_predictions": 3426,
  "avg_confidence": 0.7587823601288327,
  "accuracy": 0.6366846311094592
}