{
  "total_predictions": 5082,
  "correct_predictions": 3248,
  "avg_confidence": 0.7620173511731254,
  "accuracy": 0.6391184573002755
}