{
  "total_predictions": 2234,
  "correct_predictions": 1541,
  "avg_confidence": 0.8179031790049885,
  "accuracy": 0.6897940913160251
}