{
  "total_predictions": 2049,
  "correct_predictions": 1304,
  "avg_confidence": 0.7588761940183961,
  "accuracy": 0.6364080039043436
}