{
  "total_predictions": 5438,
  "correct_predictions": 3456,
  "avg_confidence": 0.7580850374264593,
  "accuracy": 0.6355277675616036
}