{
  "total_predictions": 2470,
  "correct_predictions": 1335,
  "avg_confidence": 0.7549222548722255,
  "accuracy": 0.5404858299595142
}