{
  "total_predictions": 2557,
  "correct_predictions": 1725,
  "avg_confidence": 0.8166149528780905,
  "accuracy": 0.6746186937817755
}