{
  "total_predictions": 978,
  "correct_predictions": 742,
  "avg_confidence": 0.8047460627214552,
  "accuracy": 0.7586912065439673
}