{
  "total_predictions": 2625,
  "correct_predictions": 1737,
  "avg_confidence": 0.7809158509572347,
  "accuracy": 0.6617142857142857
}