{
  "total_predictions": 2311,
  "correct_predictions": 1238,
  "avg_confidence": 0.7602599510533734,
  "accuracy": 0.5356988316745998
}