{
  "total_predictions": 986,
  "correct_predictions": 748,
  "avg_confidence": 0.8048203531917162,
  "accuracy": 0.7586206896551724
}