{
  "total_predictions": 2699,
  "correct_predictions": 1823,
  "avg_confidence": 0.8172106687428113,
  "accuracy": 0.6754353464246017
}