{
  "total_predictions": 2009,
  "correct_predictions": 1385,
  "avg_confidence": 0.780956626976824,
  "accuracy": 0.6893977103036336
}