{
  "total_predictions": 2529,
  "correct_predictions": 1673,
  "avg_confidence": 0.7821839112403979,
  "accuracy": 0.6615262949782523
}