{
  "total_predictions": 1888,
  "correct_predictions": 1313,
  "avg_confidence": 0.7786727812520023,
  "accuracy": 0.6954449152542372
}