{
  "total_predictions": 2426,
  "correct_predictions": 1642,
  "avg_confidence": 0.8166557255355367,
  "accuracy": 0.6768342951360263
}