{
  "total_predictions": 5474,
  "correct_predictions": 3473,
  "avg_confidence": 0.7578608424048551,
  "accuracy": 0.634453781512605
}