{
  "total_predictions": 1034,
  "correct_predictions": 781,
  "avg_confidence": 0.8046587249642414,
  "accuracy": 0.7553191489361702
}