{
  "total_predictions": 4159,
  "correct_predictions": 2792,
  "avg_confidence": 0.8148664451184311,
  "accuracy": 0.6713152200048088
}