{
  "total_predictions": 3839,
  "correct_predictions": 2580,
  "avg_confidence": 0.8149455752525518,
  "accuracy": 0.6720500130242251
}