{
  "total_predictions": 3754,
  "correct_predictions": 2524,
  "avg_confidence": 0.8145872399282379,
  "accuracy": 0.6723494938732019
}