{
  "total_predictions": 809,
  "correct_predictions": 494,
  "avg_confidence": 0.805030983738021,
  "accuracy": 0.6106304079110012
}