{
  "total_predictions": 3885,
  "correct_predictions": 2492,
  "avg_confidence": 0.7712442501478061,
  "accuracy": 0.6414414414414414
}