{
  "total_predictions": 1415,
  "correct_predictions": 1035,
  "avg_confidence": 0.8092626023629529,
  "accuracy": 0.7314487632508834
}