{
  "total_predictions": 2452,
  "correct_predictions": 1659,
  "avg_confidence": 0.8163395456204018,
  "accuracy": 0.6765905383360522
}