{
  "total_predictions": 1473,
  "correct_predictions": 1078,
  "avg_confidence": 0.8099196496579572,
  "accuracy": 0.7318397827562797
}