{
  "total_predictions": 2826,
  "correct_predictions": 1840,
  "avg_confidence": 0.7807734513316522,
  "accuracy": 0.6510969568294409
}