{
  "total_predictions": 4219,
  "correct_predictions": 2832,
  "avg_confidence": 0.8144306857655416,
  "accuracy": 0.6712491111637829
}