{
  "total_predictions": 1056,
  "correct_predictions": 764,
  "avg_confidence": 0.7703191049848542,
  "accuracy": 0.7234848484848485
}