{
  "total_predictions": 4157,
  "correct_predictions": 2792,
  "avg_confidence": 0.8148787970694321,
  "accuracy": 0.6716382006254511
}