{
  "total_predictions": 1122,
  "correct_predictions": 806,
  "avg_confidence": 0.768624287184972,
  "accuracy": 0.7183600713012478
}