{
  "total_predictions": 4906,
  "correct_predictions": 3136,
  "avg_confidence": 0.7627738450091565,
  "accuracy": 0.6392172849571953
}