{
  "total_predictions": 2169,
  "correct_predictions": 1495,
  "avg_confidence": 0.8175943440256607,
  "accuracy": 0.6892577224527432
}