{
  "total_predictions": 2169,
  "correct_predictions": 1477,
  "avg_confidence": 0.7835308379597135,
  "accuracy": 0.6809589672660212
}