{
  "total_predictions": 930,
  "correct_predictions": 709,
  "avg_confidence": 0.8048635846184146,
  "accuracy": 0.7623655913978494
}