{
  "total_predictions": 3646,
  "correct_predictions": 2445,
  "avg_confidence": 0.8145989221298492,
  "accuracy": 0.6705979155238617
}