{
  "total_predictions": 1436,
  "correct_predictions": 616,
  "avg_confidence": 0.7700434315088399,
  "accuracy": 0.42896935933147634
}