{
  "total_predictions": 1107,
  "correct_predictions": 797,
  "avg_confidence": 0.7693700915860398,
  "accuracy": 0.7199638663053297
}