{
  "total_predictions": 3019,
  "correct_predictions": 1950,
  "avg_confidence": 0.7784752093944063,
  "accuracy": 0.6459092414706856
}