{
  "total_predictions": 1725,
  "correct_predictions": 1201,
  "avg_confidence": 0.7735996872445812,
  "accuracy": 0.696231884057971
}