{
  "total_predictions": 4018,
  "correct_predictions": 2574,
  "avg_confidence": 0.7699103051302384,
  "accuracy": 0.6406172224987556
}