{
  "total_predictions": 3703,
  "correct_predictions": 2485,
  "avg_confidence": 0.814598832344835,
  "accuracy": 0.6710775047258979
}