{
  "total_predictions": 2976,
  "correct_predictions": 2004,
  "avg_confidence": 0.8148858537396757,
  "accuracy": 0.6733870967741935
}