{
  "total_predictions": 913,
  "correct_predictions": 698,
  "avg_confidence": 0.8050067943132198,
  "accuracy": 0.764512595837897
}