{
  "total_predictions": 5462,
  "correct_predictions": 3470,
  "avg_confidence": 0.7581030458419238,
  "accuracy": 0.6352984254851702
}