{
  "total_predictions": 5476,
  "correct_predictions": 3473,
  "avg_confidence": 0.7577899207352199,
  "accuracy": 0.6342220598977356
}