{
  "total_predictions": 3182,
  "correct_predictions": 2057,
  "avg_confidence": 0.7774236334299307,
  "accuracy": 0.6464487743557511
}