{
  "total_predictions": 950,
  "correct_predictions": 721,
  "avg_confidence": 0.8042636647977327,
  "accuracy": 0.7589473684210526
}