{
  "total_predictions": 1238,
  "correct_predictions": 925,
  "avg_confidence": 0.806620569818432,
  "accuracy": 0.747172859450727
}