{
  "total_predictions": 3428,
  "correct_predictions": 2302,
  "avg_confidence": 0.8159218199785838,
  "accuracy": 0.6715285880980163
}