{
  "total_predictions": 5174,
  "correct_predictions": 3304,
  "avg_confidence": 0.7613315648054773,
  "accuracy": 0.638577502899111
}