{
  "total_predictions": 2839,
  "correct_predictions": 1849,
  "avg_confidence": 0.7805267192394476,
  "accuracy": 0.6512856639661853
}