{
  "total_predictions": 4222,
  "correct_predictions": 2835,
  "avg_confidence": 0.8144429792080485,
  "accuracy": 0.6714827096162956
}