{
  "total_predictions": 4062,
  "correct_predictions": 2728,
  "avg_confidence": 0.8148587628399311,
  "accuracy": 0.671590349581487
}