{
  "total_predictions": 3472,
  "correct_predictions": 2331,
  "avg_confidence": 0.8157875490147397,
  "accuracy": 0.6713709677419355
}