{
  "total_predictions": 4888,
  "correct_predictions": 3124,
  "avg_confidence": 0.7629118461265502,
  "accuracy": 0.6391162029459901
}