{
  "total_predictions": 1028,
  "correct_predictions": 747,
  "avg_confidence": 0.7711863165235705,
  "accuracy": 0.7266536964980544
}