{
  "total_predictions": 808,
  "correct_predictions": 495,
  "avg_confidence": 0.8067942653404604,
  "accuracy": 0.6126237623762376
}