{
  "total_bets": 295,
  "wins": 147,
  "losses": 148,
  "win_rate": 0.49830508474576274,
  "total_wagered": 2950.0,
  "total_payout": 2565.47749710083,
  "total_profit": -384.5225065946579,
  "roi": -0.13034661240496878,
  "avg_confidence": 0.836982360128629,
  "biggest_win": 28.0,
  "biggest_loss": -10.0
}