{
  "total_bets": 27,
  "wins": 12,
  "losses": 15,
  "win_rate": 0.4444444444444444,
  "total_wagered": 270.0,
  "total_payout": 235.86084079742432,
  "total_profit": -34.139161467552185,
  "roi": -0.1264413387687118,
  "avg_confidence": 0.7808109632244816,
  "biggest_win": 28.0,
  "biggest_loss": -10.0
}