{
  "total_bets": 230,
  "wins": 107,
  "losses": 123,
  "win_rate": 0.4652173913043478,
  "total_wagered": 2300.0,
  "total_payout": 1881.338252067566,
  "total_profit": -418.66175496578217,
  "roi": -0.18202684998512267,
  "avg_confidence": 0.834803286065226,
  "biggest_win": 28.0,
  "biggest_loss": -10.0
}