{
  "total_bets": 15,
  "wins": 7,
  "losses": 8,
  "win_rate": 0.4666666666666667,
  "total_wagered": 150.0,
  "total_payout": 157.92895126342773,
  "total_profit": 7.928951263427734,
  "roi": 0.05285967508951823,
  "avg_confidence": 0.7808886369069418,
  "biggest_win": 28.0,
  "biggest_loss": -10.0
}