{
  "total_bets": 58,
  "wins": 21,
  "losses": 37,
  "win_rate": 0.3620689655172414,
  "total_wagered": 580.0,
  "total_payout": 410.5472249984741,
  "total_profit": -169.452779173851,
  "roi": -0.29215996409284656,
  "avg_confidence": 0.8019673043283922,
  "biggest_win": 28.0,
  "biggest_loss": -10.0
}