{
  "total_bets": 151,
  "wins": 67,
  "losses": 84,
  "win_rate": 0.44370860927152317,
  "total_wagered": 1510.0,
  "total_payout": 1193.4721899032593,
  "total_profit": -316.5278137922287,
  "roi": -0.2096210687365753,
  "avg_confidence": 0.8295687366005601,
  "biggest_win": 28.0,
  "biggest_loss": -10.0
}