{
  "total_bets": 210,
  "wins": 97,
  "losses": 113,
  "win_rate": 0.46190476190476193,
  "total_wagered": 2100.0,
  "total_payout": 1711.9990062713623,
  "total_profit": -388.00099980831146,
  "roi": -0.1847623808611007,
  "avg_confidence": 0.8339006131603605,
  "biggest_win": 28.0,
  "biggest_loss": -10.0
}