{
  "total_bets": 191,
  "wins": 86,
  "losses": 105,
  "win_rate": 0.450261780104712,
  "total_wagered": 1910.0,
  "total_payout": 1519.1628103256226,
  "total_profit": -390.83719432353973,
  "roi": -0.20462680331075378,
  "avg_confidence": 0.8331451990217439,
  "biggest_win": 28.0,
  "biggest_loss": -10.0
}