{
  "total_bets": 19,
  "wins": 8,
  "losses": 11,
  "win_rate": 0.42105263157894735,
  "total_wagered": 190.0,
  "total_payout": 175.92895126342773,
  "total_profit": -14.071048736572266,
  "roi": -0.07405815124511719,
  "avg_confidence": 0.7789487399552998,
  "biggest_win": 28.0,
  "biggest_loss": -10.0
}