{
  "total_bets": 109,
  "wins": 47,
  "losses": 62,
  "win_rate": 0.43119266055045874,
  "total_wagered": 1090.0,
  "total_payout": 849.2106666564941,
  "total_profit": -240.78933656215668,
  "roi": -0.22090764822216208,
  "avg_confidence": 0.8220236274080539,
  "biggest_win": 28.0,
  "biggest_loss": -10.0
}