{
  "total_bets": 264,
  "wins": 130,
  "losses": 134,
  "win_rate": 0.49242424242424243,
  "total_wagered": 2640.0,
  "total_payout": 2283.065327644348,
  "total_profit": -356.9346789121628,
  "roi": -0.13520252989097076,
  "avg_confidence": 0.8358029420628692,
  "biggest_win": 28.0,
  "biggest_loss": -10.0
}