{
  "total_bets": 44,
  "wins": 18,
  "losses": 26,
  "win_rate": 0.4090909090909091,
  "total_wagered": 440.0,
  "total_payout": 359.2598352432251,
  "total_profit": -80.74016797542572,
  "roi": -0.1835003817623312,
  "avg_confidence": 0.7887284186753359,
  "biggest_win": 28.0,
  "biggest_loss": -10.0
}