{
  "total_bets": 114,
  "wins": 50,
  "losses": 64,
  "win_rate": 0.43859649122807015,
  "total_wagered": 1140.0,
  "total_payout": 903.2354049682617,
  "total_profit": -236.76459729671478,
  "roi": -0.20768824324273227,
  "avg_confidence": 0.8232506623393611,
  "biggest_win": 28.0,
  "biggest_loss": -10.0
}