{
  "total_bets": 46,
  "wins": 18,
  "losses": 28,
  "win_rate": 0.391304347826087,
  "total_wagered": 460.0,
  "total_payout": 359.2598352432251,
  "total_profit": -100.74016797542572,
  "roi": -0.21900036516396895,
  "avg_confidence": 0.7912731999936311,
  "biggest_win": 28.0,
  "biggest_loss": -10.0
}