{
  "total_bets": 84,
  "wins": 35,
  "losses": 49,
  "win_rate": 0.4166666666666667,
  "total_wagered": 840.0,
  "total_payout": 646.9204730987549,
  "total_profit": -193.07952868938446,
  "roi": -0.22985658177307675,
  "avg_confidence": 0.8144739128294445,
  "biggest_win": 28.0,
  "biggest_loss": -10.0
}