{
  "total_bets": 136,
  "wins": 60,
  "losses": 76,
  "win_rate": 0.4411764705882353,
  "total_wagered": 1360.0,
  "total_payout": 1078.1469268798828,
  "total_profit": -281.85307586193085,
  "roi": -0.207244908722008,
  "avg_confidence": 0.8273152858018875,
  "biggest_win": 28.0,
  "biggest_loss": -10.0
}