{
  "total_bets": 6,
  "wins": 3,
  "losses": 3,
  "win_rate": 0.5,
  "total_wagered": 60.0,
  "total_payout": 73.0422534942627,
  "total_profit": 13.042253494262695,
  "roi": 0.21737089157104492,
  "avg_confidence": 0.7979154487450918,
  "biggest_win": 28.0,
  "biggest_loss": -10.0
}