{
  "total_bets": 231,
  "wins": 108,
  "losses": 123,
  "win_rate": 0.4675324675324675,
  "total_wagered": 2310.0,
  "total_payout": 1897.2206048965454,
  "total_profit": -412.7794021368027,
  "roi": -0.17869238187740374,
  "avg_confidence": 0.8348690728088478,
  "biggest_win": 28.0,
  "biggest_loss": -10.0
}