{
  "total_bets": 246,
  "wins": 118,
  "losses": 128,
  "win_rate": 0.4796747967479675,
  "total_wagered": 2460.0,
  "total_payout": 2075.248969078064,
  "total_profit": -384.75103652477264,
  "roi": -0.15640286037592385,
  "avg_confidence": 0.8351092832844432,
  "biggest_win": 28.0,
  "biggest_loss": -10.0
}