{
  "total_bets": 13,
  "wins": 7,
  "losses": 6,
  "win_rate": 0.5384615384615384,
  "total_wagered": 130.0,
  "total_payout": 157.92895126342773,
  "total_profit": 27.928951263427734,
  "roi": 0.2148380866417518,
  "avg_confidence": 0.7815177669891944,
  "biggest_win": 28.0,
  "biggest_loss": -10.0
}