{
  "total_bets": 220,
  "wins": 103,
  "losses": 117,
  "win_rate": 0.4681818181818182,
  "total_wagered": 2200.0,
  "total_payout": 1814.9520864486694,
  "total_profit": -385.0479210615158,
  "roi": -0.17502178230068902,
  "avg_confidence": 0.8342674501917579,
  "biggest_win": 28.0,
  "biggest_loss": -10.0
}