{
  "total_bets": 88,
  "wins": 36,
  "losses": 52,
  "win_rate": 0.4090909090909091,
  "total_wagered": 880.0,
  "total_payout": 663.9627265930176,
  "total_profit": -216.03727519512177,
  "roi": -0.2454969036308202,
  "avg_confidence": 0.8159478638659824,
  "biggest_win": 28.0,
  "biggest_loss": -10.0
}