{
  "total_bets": 54,
  "wins": 20,
  "losses": 34,
  "win_rate": 0.37037037037037035,
  "total_wagered": 540.0,
  "total_payout": 395.14181995391846,
  "total_profit": -144.85818469524384,
  "roi": -0.2682558975837849,
  "avg_confidence": 0.7991739014784495,
  "biggest_win": 28.0,
  "biggest_loss": -10.0
}