{
  "total_bets": 145,
  "wins": 63,
  "losses": 82,
  "win_rate": 0.43448275862068964,
  "total_wagered": 1450.0,
  "total_payout": 1127.9268531799316,
  "total_profit": -322.0731509923935,
  "roi": -0.22211941447751277,
  "avg_confidence": 0.8287233040250581,
  "biggest_win": 28.0,
  "biggest_loss": -10.0
}