{
  "total_bets": 96,
  "wins": 39,
  "losses": 57,
  "win_rate": 0.40625,
  "total_wagered": 960.0,
  "total_payout": 713.7669649124146,
  "total_profit": -246.23303735256195,
  "roi": -0.256492747242252,
  "avg_confidence": 0.8183889711896578,
  "biggest_win": 28.0,
  "biggest_loss": -10.0
}