{
  "total_bets": 360,
  "wins": 179,
  "losses": 181,
  "win_rate": 0.49722222222222223,
  "total_wagered": 3600.0,
  "total_payout": 3097.3943014144897,
  "total_profit": -502.6057060956955,
  "roi": -0.1396126961376932,
  "avg_confidence": 0.838451878560914,
  "biggest_win": 28.0,
  "biggest_loss": -10.0
}