{
  "total_bets": 148,
  "wins": 65,
  "losses": 83,
  "win_rate": 0.4391891891891892,
  "total_wagered": 1480.0,
  "total_payout": 1160.8564491271973,
  "total_profit": -319.1435545682907,
  "roi": -0.2156375368704667,
  "avg_confidence": 0.8291545888862094,
  "biggest_win": 28.0,
  "biggest_loss": -10.0
}