{
  "total_bets": 225,
  "wins": 106,
  "losses": 119,
  "win_rate": 0.4711111111111111,
  "total_wagered": 2250.0,
  "total_payout": 1864.5814962387085,
  "total_profit": -385.4185117483139,
  "roi": -0.17129711633258396,
  "avg_confidence": 0.8344956056276958,
  "biggest_win": 28.0,
  "biggest_loss": -10.0
}