{
  "total_bets": 351,
  "wins": 174,
  "losses": 177,
  "win_rate": 0.49572649572649574,
  "total_wagered": 3510.0,
  "total_payout": 3014.54861164093,
  "total_profit": -495.4513944387436,
  "roi": -0.14115424342984148,
  "avg_confidence": 0.8384027440323789,
  "biggest_win": 28.0,
  "biggest_loss": -10.0
}