{
  "total_bets": 123,
  "wins": 54,
  "losses": 69,
  "win_rate": 0.43902439024390244,
  "total_wagered": 1230.0,
  "total_payout": 972.5769367218018,
  "total_profit": -257.4230650663376,
  "roi": -0.20928704476938015,
  "avg_confidence": 0.8252079326932024,
  "biggest_win": 28.0,
  "biggest_loss": -10.0
}