{
  "total_bets": 62,
  "wins": 22,
  "losses": 40,
  "win_rate": 0.3548387096774194,
  "total_wagered": 620.0,
  "total_payout": 427.5894784927368,
  "total_profit": -192.41052567958832,
  "roi": -0.3103395575477231,
  "avg_confidence": 0.8041451352257882,
  "biggest_win": 28.0,
  "biggest_loss": -10.0
}