{
  "total_bets": 39,
  "wins": 17,
  "losses": 22,
  "win_rate": 0.4358974358974359,
  "total_wagered": 390.0,
  "total_payout": 341.5675268173218,
  "total_profit": -48.432475447654724,
  "roi": -0.12418583448116596,
  "avg_confidence": 0.7898515493441851,
  "biggest_win": 28.0,
  "biggest_loss": -10.0
}