{
  "total_bets": 272,
  "wins": 134,
  "losses": 138,
  "win_rate": 0.49264705882352944,
  "total_wagered": 2720.0,
  "total_payout": 2347.39901638031,
  "total_profit": -372.600990653038,
  "roi": -0.1369856583283228,
  "avg_confidence": 0.836220503291663,
  "biggest_win": 28.0,
  "biggest_loss": -10.0
}