{
  "total_bets": 31,
  "wins": 13,
  "losses": 18,
  "win_rate": 0.41935483870967744,
  "total_wagered": 310.0,
  "total_payout": 252.3124532699585,
  "total_profit": -57.68754851818085,
  "roi": -0.18608886618768014,
  "avg_confidence": 0.7860542189690375,
  "biggest_win": 28.0,
  "biggest_loss": -10.0
}