{
  "total_bets": 22,
  "wins": 9,
  "losses": 13,
  "win_rate": 0.4090909090909091,
  "total_wagered": 220.0,
  "total_payout": 190.5161075592041,
  "total_profit": -29.483892917633057,
  "roi": -0.13401769508015027,
  "avg_confidence": 0.7820214845917441,
  "biggest_win": 28.0,
  "biggest_loss": -10.0
}