{
  "total_bets": 212,
  "wins": 98,
  "losses": 114,
  "win_rate": 0.46226415094339623,
  "total_wagered": 2120.0,
  "total_payout": 1730.4735832214355,
  "total_profit": -389.52642381191254,
  "roi": -0.1837388791565625,
  "avg_confidence": 0.8340524943932047,
  "biggest_win": 28.0,
  "biggest_loss": -10.0
}