{
  "total_bets": 170,
  "wins": 75,
  "losses": 95,
  "win_rate": 0.4411764705882353,
  "total_wagered": 1700.0,
  "total_payout": 1331.620306968689,
  "total_profit": -368.37969720363617,
  "roi": -0.2166939395315507,
  "avg_confidence": 0.8316943561329561,
  "biggest_win": 28.0,
  "biggest_loss": -10.0
}