{
  "total_bets": 141,
  "wins": 61,
  "losses": 80,
  "win_rate": 0.4326241134751773,
  "total_wagered": 1410.0,
  "total_payout": 1097.4061870574951,
  "total_profit": -312.59381663799286,
  "roi": -0.22169774229644884,
  "avg_confidence": 0.8281197091366382,
  "biggest_win": 28.0,
  "biggest_loss": -10.0
}