{
  "total_bets": 348,
  "wins": 173,
  "losses": 175,
  "win_rate": 0.49712643678160917,
  "total_wagered": 3480.0,
  "total_payout": 3000.104166984558,
  "total_profit": -479.89583909511566,
  "roi": -0.13790110318825163,
  "avg_confidence": 0.8384090679130335,
  "biggest_win": 28.0,
  "biggest_loss": -10.0
}