{
  "total_bets": 133,
  "wins": 59,
  "losses": 74,
  "win_rate": 0.44360902255639095,
  "total_wagered": 1330.0,
  "total_payout": 1061.3901710510254,
  "total_profit": -268.6098326444626,
  "roi": -0.20196228018380646,
  "avg_confidence": 0.826803599981437,
  "biggest_win": 28.0,
  "biggest_loss": -10.0
}