{
  "total_bets": 49,
  "wins": 20,
  "losses": 29,
  "win_rate": 0.40816326530612246,
  "total_wagered": 490.0,
  "total_payout": 395.14181995391846,
  "total_profit": -94.85818469524384,
  "roi": -0.19358813203110986,
  "avg_confidence": 0.794736944899267,
  "biggest_win": 28.0,
  "biggest_loss": -10.0
}