{
  "total_bets": 355,
  "wins": 175,
  "losses": 180,
  "win_rate": 0.49295774647887325,
  "total_wagered": 3550.0,
  "total_payout": 3028.630244255066,
  "total_profit": -521.3697618246078,
  "roi": -0.1468647216407346,
  "avg_confidence": 0.8385150583697037,
  "biggest_win": 28.0,
  "biggest_loss": -10.0
}