{
  "total_bets": 43,
  "wins": 18,
  "losses": 25,
  "win_rate": 0.4186046511627907,
  "total_wagered": 430.0,
  "total_payout": 359.2598352432251,
  "total_profit": -70.74016797542572,
  "roi": -0.16451201854750166,
  "avg_confidence": 0.789605456729268,
  "biggest_win": 28.0,
  "biggest_loss": -10.0
}