{
  "total_bets": 161,
  "wins": 72,
  "losses": 89,
  "win_rate": 0.4472049689440994,
  "total_wagered": 1610.0,
  "total_payout": 1282.5490236282349,
  "total_profit": -327.4509800672531,
  "roi": -0.20338570190512617,
  "avg_confidence": 0.8306710579380485,
  "biggest_win": 28.0,
  "biggest_loss": -10.0
}