{
  "total_bets": 319,
  "wins": 162,
  "losses": 157,
  "win_rate": 0.5078369905956113,
  "total_wagered": 3190.0,
  "total_payout": 2824.0499382019043,
  "total_profit": -365.9500674009323,
  "roi": -0.1147178894673769,
  "avg_confidence": 0.8377048905740337,
  "biggest_win": 28.0,
  "biggest_loss": -10.0
}