{
  "total_bets": 266,
  "wins": 130,
  "losses": 136,
  "win_rate": 0.48872180451127817,
  "total_wagered": 2660.0,
  "total_payout": 2283.065327644348,
  "total_profit": -376.9346789121628,
  "roi": -0.14170476650833186,
  "avg_confidence": 0.8359096870386511,
  "biggest_win": 28.0,
  "biggest_loss": -10.0
}