{
  "total_bets": 361,
  "wins": 179,
  "losses": 182,
  "win_rate": 0.49584487534626037,
  "total_wagered": 3610.0,
  "total_payout": 3097.3943014144897,
  "total_profit": -512.6057060956955,
  "roi": -0.14199604046972175,
  "avg_confidence": 0.8384838678830218,
  "biggest_win": 28.0,
  "biggest_loss": -10.0
}