{
  "total_bets": 128,
  "wins": 56,
  "losses": 72,
  "win_rate": 0.4375,
  "total_wagered": 1280.0,
  "total_payout": 1007.6766529083252,
  "total_profit": -272.3233503103256,
  "roi": -0.2127526174299419,
  "avg_confidence": 0.8258974896743894,
  "biggest_win": 28.0,
  "biggest_loss": -10.0
}