{
  "total_bets": 222,
  "wins": 103,
  "losses": 119,
  "win_rate": 0.46396396396396394,
  "total_wagered": 2220.0,
  "total_payout": 1814.9520864486694,
  "total_profit": -405.0479210615158,
  "roi": -0.1824540184961783,
  "avg_confidence": 0.8344091850895066,
  "biggest_win": 28.0,
  "biggest_loss": -10.0
}