{
  "total_bets": 95,
  "wins": 39,
  "losses": 56,
  "win_rate": 0.4105263157894737,
  "total_wagered": 950.0,
  "total_payout": 713.7669649124146,
  "total_profit": -236.23303735256195,
  "roi": -0.24866635510795995,
  "avg_confidence": 0.8184569703905206,
  "biggest_win": 28.0,
  "biggest_loss": -10.0
}