{
  "total_bets": 356,
  "wins": 176,
  "losses": 180,
  "win_rate": 0.4943820224719101,
  "total_wagered": 3560.0,
  "total_payout": 3045.6724977493286,
  "total_profit": -514.3275083303452,
  "roi": -0.14447401919391717,
  "avg_confidence": 0.8385473195086705,
  "biggest_win": 28.0,
  "biggest_loss": -10.0
}