{
  "total_bets": 329,
  "wins": 167,
  "losses": 162,
  "win_rate": 0.5075987841945289,
  "total_wagered": 3290.0,
  "total_payout": 2906.957299232483,
  "total_profit": -383.042707324028,
  "roi": -0.11642635480973496,
  "avg_confidence": 0.8378592388970512,
  "biggest_win": 28.0,
  "biggest_loss": -10.0
}