{
  "total_bets": 289,
  "wins": 144,
  "losses": 145,
  "win_rate": 0.4982698961937716,
  "total_wagered": 2890.0,
  "total_payout": 2517.225686073303,
  "total_profit": -372.7743180990219,
  "roi": -0.12898765332146087,
  "avg_confidence": 0.8368116716200092,
  "biggest_win": 28.0,
  "biggest_loss": -10.0
}