{
  "total_bets": 311,
  "wins": 156,
  "losses": 155,
  "win_rate": 0.5016077170418006,
  "total_wagered": 3110.0,
  "total_payout": 2721.4725484848022,
  "total_profit": -388.5274547338486,
  "roi": -0.12492844203660726,
  "avg_confidence": 0.8374707616410455,
  "biggest_win": 28.0,
  "biggest_loss": -10.0
}