{
  "total_bets": 334,
  "wins": 168,
  "losses": 166,
  "win_rate": 0.5029940119760479,
  "total_wagered": 3340.0,
  "total_payout": 2924.364706993103,
  "total_profit": -415.63530004024506,
  "roi": -0.12444170659887577,
  "avg_confidence": 0.838040987174668,
  "biggest_win": 28.0,
  "biggest_loss": -10.0
}