{
  "total_bets": 75,
  "wins": 31,
  "losses": 44,
  "win_rate": 0.41333333333333333,
  "total_wagered": 750.0,
  "total_payout": 581.0963640213013,
  "total_profit": -168.90363919734955,
  "roi": -0.22520485226313272,
  "avg_confidence": 0.810210779507955,
  "biggest_win": 28.0,
  "biggest_loss": -10.0
}