{
  "total_bets": 206,
  "wins": 94,
  "losses": 112,
  "win_rate": 0.4563106796116505,
  "total_wagered": 2060.0,
  "total_payout": 1657.9829902648926,
  "total_profit": -402.0170158147812,
  "roi": -0.19515389117222387,
  "avg_confidence": 0.8340847552980034,
  "biggest_win": 28.0,
  "biggest_loss": -10.0
}