{
  "total_bets": 165,
  "wins": 74,
  "losses": 91,
  "win_rate": 0.4484848484848485,
  "total_wagered": 1650.0,
  "total_payout": 1312.6917352676392,
  "total_profit": -337.308268904686,
  "roi": -0.20442925388162786,
  "avg_confidence": 0.831139638929656,
  "biggest_win": 28.0,
  "biggest_loss": -10.0
}