{
  "total_bets": 343,
  "wins": 171,
  "losses": 172,
  "win_rate": 0.49854227405247814,
  "total_wagered": 3430.0,
  "total_payout": 2970.1756134033203,
  "total_profit": -459.8243931531906,
  "roi": -0.13405958984058036,
  "avg_confidence": 0.8382401035408932,
  "biggest_win": 28.0,
  "biggest_loss": -10.0
}