{
  "total_bets": 240,
  "wins": 115,
  "losses": 125,
  "win_rate": 0.4791666666666667,
  "total_wagered": 2400.0,
  "total_payout": 2025.5075960159302,
  "total_profit": -374.49240958690643,
  "roi": -0.15603850399454436,
  "avg_confidence": 0.8350909307599068,
  "biggest_win": 28.0,
  "biggest_loss": -10.0
}