{
  "total_bets": 24,
  "wins": 11,
  "losses": 13,
  "win_rate": 0.4583333333333333,
  "total_wagered": 240.0,
  "total_payout": 224.1941738128662,
  "total_profit": -15.805828094482422,
  "roi": -0.06585761706034342,
  "avg_confidence": 0.777393693725268,
  "biggest_win": 28.0,
  "biggest_loss": -10.0
}