{
  "total_bets": 72,
  "wins": 29,
  "losses": 43,
  "win_rate": 0.4027777777777778,
  "total_wagered": 720.0,
  "total_payout": 549.4615592956543,
  "total_profit": -170.53844487667084,
  "roi": -0.2368589512175984,
  "avg_confidence": 0.8085528943273756,
  "biggest_win": 28.0,
  "biggest_loss": -10.0
}