{
  "total_bets": 357,
  "wins": 177,
  "losses": 180,
  "win_rate": 0.4957983193277311,
  "total_wagered": 3570.0,
  "total_payout": 3060.723002433777,
  "total_profit": -509.27700316905975,
  "roi": -0.1426546227364313,
  "avg_confidence": 0.8384869332407036,
  "biggest_win": 28.0,
  "biggest_loss": -10.0
}