{
  "total_bets": 74,
  "wins": 31,
  "losses": 43,
  "win_rate": 0.4189189189189189,
  "total_wagered": 740.0,
  "total_payout": 581.0963640213013,
  "total_profit": -158.90363919734955,
  "roi": -0.2147346475639859,
  "avg_confidence": 0.8096730870169562,
  "biggest_win": 28.0,
  "biggest_loss": -10.0
}