{
  "total_bets": 358,
  "wins": 177,
  "losses": 181,
  "win_rate": 0.49441340782122906,
  "total_wagered": 3580.0,
  "total_payout": 3060.723002433777,
  "total_profit": -519.2770031690598,
  "roi": -0.14504944222599434,
  "avg_confidence": 0.8383873637828081,
  "biggest_win": 28.0,
  "biggest_loss": -10.0
}