{
  "total_bets": 17,
  "wins": 8,
  "losses": 9,
  "win_rate": 0.47058823529411764,
  "total_wagered": 170.0,
  "total_payout": 175.92895126342773,
  "total_profit": 5.928951263427734,
  "roi": 0.03487618390251609,
  "avg_confidence": 0.7945453524589539,
  "biggest_win": 28.0,
  "biggest_loss": -10.0
}