{
  "total_bets": 257,
  "wins": 125,
  "losses": 132,
  "win_rate": 0.48638132295719844,
  "total_wagered": 2570.0,
  "total_payout": 2196.642424583435,
  "total_profit": -373.35758101940155,
  "roi": -0.14527532335385274,
  "avg_confidence": 0.8356370742682817,
  "biggest_win": 28.0,
  "biggest_loss": -10.0
}