{
  "total_bets": 241,
  "wins": 116,
  "losses": 125,
  "win_rate": 0.48132780082987553,
  "total_wagered": 2410.0,
  "total_payout": 2041.3899488449097,
  "total_profit": -368.61005675792694,
  "roi": -0.1529502310198867,
  "avg_confidence": 0.8351527942166783,
  "biggest_win": 28.0,
  "biggest_loss": -10.0
}