{
  "total_bets": 269,
  "wins": 131,
  "losses": 138,
  "win_rate": 0.48698884758364314,
  "total_wagered": 2690.0,
  "total_payout": 2300.7576360702515,
  "total_profit": -389.2423714399338,
  "roi": -0.14469976633454787,
  "avg_confidence": 0.8360668283412891,
  "biggest_win": 28.0,
  "biggest_loss": -10.0
}