{
  "total_bets": 341,
  "wins": 171,
  "losses": 170,
  "win_rate": 0.501466275659824,
  "total_wagered": 3410.0,
  "total_payout": 2970.1756134033203,
  "total_profit": -439.8243931531906,
  "roi": -0.12898076045548112,
  "avg_confidence": 0.8381711304012981,
  "biggest_win": 28.0,
  "biggest_loss": -10.0
}