{
  "total_bets": 100,
  "wins": 42,
  "losses": 58,
  "win_rate": 0.42,
  "total_wagered": 1000.0,
  "total_payout": 767.0220384597778,
  "total_profit": -232.97796428203583,
  "roi": -0.23297796428203582,
  "avg_confidence": 0.8196534132957458,
  "biggest_win": 28.0,
  "biggest_loss": -10.0
}