{
  "total_bets": 339,
  "wins": 170,
  "losses": 169,
  "win_rate": 0.5014749262536873,
  "total_wagered": 3390.0,
  "total_payout": 2955.2975645065308,
  "total_profit": -434.70244204998016,
  "roi": -0.12823080886430094,
  "avg_confidence": 0.8381817038431983,
  "biggest_win": 28.0,
  "biggest_loss": -10.0
}