{
  "total_bets": 300,
  "wins": 151,
  "losses": 149,
  "win_rate": 0.5033333333333333,
  "total_wagered": 3000.0,
  "total_payout": 2633.996253967285,
  "total_profit": -366.0037478208542,
  "roi": -0.12200124927361806,
  "avg_confidence": 0.8370359740654627,
  "biggest_win": 28.0,
  "biggest_loss": -10.0
}