{
  "total_bets": 186,
  "wins": 83,
  "losses": 103,
  "win_rate": 0.44623655913978494,
  "total_wagered": 1860.0,
  "total_payout": 1467.9563932418823,
  "total_profit": -392.0436118841171,
  "roi": -0.21077613542156834,
  "avg_confidence": 0.8326921123330311,
  "biggest_win": 28.0,
  "biggest_loss": -10.0
}