{
  "total_bets": 176,
  "wins": 80,
  "losses": 96,
  "win_rate": 0.45454545454545453,
  "total_wagered": 1760.0,
  "total_payout": 1414.528338432312,
  "total_profit": -345.4716657400131,
  "roi": -0.196290719170462,
  "avg_confidence": 0.8322443704713475,
  "biggest_win": 28.0,
  "biggest_loss": -10.0
}