{
  "total_bets": 290,
  "wins": 144,
  "losses": 146,
  "win_rate": 0.496551724137931,
  "total_wagered": 2900.0,
  "total_payout": 2517.225686073303,
  "total_profit": -382.7743180990219,
  "roi": -0.13199114417207652,
  "avg_confidence": 0.8368571486966363,
  "biggest_win": 28.0,
  "biggest_loss": -10.0
}