{
  "total_bets": 193,
  "wins": 88,
  "losses": 105,
  "win_rate": 0.45595854922279794,
  "total_wagered": 1930.0,
  "total_payout": 1551.157374382019,
  "total_profit": -378.84263122081757,
  "roi": -0.196291518767263,
  "avg_confidence": 0.8333198604188434,
  "biggest_win": 28.0,
  "biggest_loss": -10.0
}