{
  "total_bets": 171,
  "wins": 76,
  "losses": 95,
  "win_rate": 0.4444444444444444,
  "total_wagered": 1710.0,
  "total_payout": 1349.027714729309,
  "total_profit": -360.9722899198532,
  "roi": -0.21109490638587908,
  "avg_confidence": 0.8318014068213123,
  "biggest_win": 28.0,
  "biggest_loss": -10.0
}