{
  "total_bets": 156,
  "wins": 70,
  "losses": 86,
  "win_rate": 0.44871794871794873,
  "total_wagered": 1560.0,
  "total_payout": 1249.9245710372925,
  "total_profit": -310.0754326581955,
  "roi": -0.19876630298602274,
  "avg_confidence": 0.8302235855506017,
  "biggest_win": 28.0,
  "biggest_loss": -10.0
}