{
  "total_bets": 181,
  "wins": 80,
  "losses": 101,
  "win_rate": 0.4419889502762431,
  "total_wagered": 1810.0,
  "total_payout": 1414.528338432312,
  "total_profit": -395.4716657400131,
  "roi": -0.21849263300553212,
  "avg_confidence": 0.8327348581335162,
  "biggest_win": 28.0,
  "biggest_loss": -10.0
}