{
  "total_bets": 79,
  "wins": 32,
  "losses": 47,
  "win_rate": 0.4050632911392405,
  "total_wagered": 790.0,
  "total_payout": 596.3046970367432,
  "total_profit": -193.6953057050705,
  "roi": -0.24518393127224114,
  "avg_confidence": 0.8122254247906842,
  "biggest_win": 28.0,
  "biggest_loss": -10.0
}