{
  "total_bets": 198,
  "wins": 91,
  "losses": 107,
  "win_rate": 0.4595959595959596,
  "total_wagered": 1980.0,
  "total_payout": 1607.1281805038452,
  "total_profit": -372.8718260526657,
  "roi": -0.1883191040670029,
  "avg_confidence": 0.8337410766668994,
  "biggest_win": 28.0,
  "biggest_loss": -10.0
}