{
  "total_bets": 310,
  "wins": 156,
  "losses": 154,
  "win_rate": 0.5032258064516129,
  "total_wagered": 3100.0,
  "total_payout": 2721.4725484848022,
  "total_profit": -378.5274547338486,
  "roi": -0.122105630559306,
  "avg_confidence": 0.8374303446662041,
  "biggest_win": 28.0,
  "biggest_loss": -10.0
}