{
  "total_bets": 234,
  "wins": 110,
  "losses": 124,
  "win_rate": 0.4700854700854701,
  "total_wagered": 2340.0,
  "total_payout": 1932.3356103897095,
  "total_profit": -407.6643966436386,
  "roi": -0.1742155541212131,
  "avg_confidence": 0.835063059360553,
  "biggest_win": 28.0,
  "biggest_loss": -10.0
}