{
  "total_bets": 251,
  "wins": 122,
  "losses": 129,
  "win_rate": 0.4860557768924303,
  "total_wagered": 2510.0,
  "total_payout": 2146.8800897598267,
  "total_profit": -363.1199153661728,
  "roi": -0.1446692889905071,
  "avg_confidence": 0.8354059115823996,
  "biggest_win": 28.0,
  "biggest_loss": -10.0
}