{
  "total_bets": 354,
  "wins": 175,
  "losses": 179,
  "win_rate": 0.4943502824858757,
  "total_wagered": 3540.0,
  "total_payout": 3028.630244255066,
  "total_profit": -511.36976182460785,
  "roi": -0.1444547349787028,
  "avg_confidence": 0.8384826149644151,
  "biggest_win": 28.0,
  "biggest_loss": -10.0
}