{
  "total_bets": 118,
  "wins": 53,
  "losses": 65,
  "win_rate": 0.4491525423728814,
  "total_wagered": 1180.0,
  "total_payout": 955.8201808929443,
  "total_profit": -224.17982184886932,
  "roi": -0.18998289987192316,
  "avg_confidence": 0.8241574203563948,
  "biggest_win": 28.0,
  "biggest_loss": -10.0
}