{
  "total_bets": 324,
  "wins": 165,
  "losses": 159,
  "win_rate": 0.5092592592592593,
  "total_wagered": 3240.0,
  "total_payout": 2873.0921506881714,
  "total_profit": -366.90785443782806,
  "roi": -0.11324316494994693,
  "avg_confidence": 0.8378946302849569,
  "biggest_win": 28.0,
  "biggest_loss": -10.0
}