{
  "total_bets": 41,
  "wins": 18,
  "losses": 23,
  "win_rate": 0.43902439024390244,
  "total_wagered": 410.0,
  "total_payout": 359.2598352432251,
  "total_profit": -50.74016797542572,
  "roi": -0.1237565072571359,
  "avg_confidence": 0.7902824718777727,
  "biggest_win": 28.0,
  "biggest_loss": -10.0
}