{
  "total_bets": 35,
  "wins": 14,
  "losses": 21,
  "win_rate": 0.4,
  "total_wagered": 350.0,
  "total_payout": 271.40336322784424,
  "total_profit": -78.59663951396942,
  "roi": -0.22456182718276976,
  "avg_confidence": 0.787385562488011,
  "biggest_win": 28.0,
  "biggest_loss": -10.0
}