{
  "total_bets": 217,
  "wins": 101,
  "losses": 116,
  "win_rate": 0.46543778801843316,
  "total_wagered": 2170.0,
  "total_payout": 1785.6621208190918,
  "total_profit": -384.3378871679306,
  "roi": -0.17711423371794038,
  "avg_confidence": 0.8344199489887958,
  "biggest_win": 28.0,
  "biggest_loss": -10.0
}