{
  "total_bets": 284,
  "wins": 140,
  "losses": 144,
  "win_rate": 0.49295774647887325,
  "total_wagered": 2840.0,
  "total_payout": 2451.9245595932007,
  "total_profit": -388.0754464864731,
  "roi": -0.13664628397411024,
  "avg_confidence": 0.8367140498799337,
  "biggest_win": 28.0,
  "biggest_loss": -10.0
}