{
  "total_bets": 304,
  "wins": 153,
  "losses": 151,
  "win_rate": 0.5032894736842105,
  "total_wagered": 3040.0,
  "total_payout": 2669.7341594696045,
  "total_profit": -370.26584231853485,
  "roi": -0.12179797444688646,
  "avg_confidence": 0.8371822588930005,
  "biggest_win": 28.0,
  "biggest_loss": -10.0
}