{
  "total_bets": 40,
  "wins": 17,
  "losses": 23,
  "win_rate": 0.425,
  "total_wagered": 400.0,
  "total_payout": 341.5675268173218,
  "total_profit": -58.432475447654724,
  "roi": -0.1460811886191368,
  "avg_confidence": 0.7900285959243775,
  "biggest_win": 28.0,
  "biggest_loss": -10.0
}