{
  "total_bets": 67,
  "wins": 25,
  "losses": 42,
  "win_rate": 0.373134328358209,
  "total_wagered": 670.0,
  "total_payout": 480.96711444854736,
  "total_profit": -189.03288972377777,
  "roi": -0.2821386413787728,
  "avg_confidence": 0.8075671418389277,
  "biggest_win": 28.0,
  "biggest_loss": -10.0
}