{
  "total_bets": 309,
  "wins": 155,
  "losses": 154,
  "win_rate": 0.5016181229773463,
  "total_wagered": 3090.0,
  "total_payout": 2706.2642154693604,
  "total_profit": -383.7357882261276,
  "roi": -0.12418633923175651,
  "avg_confidence": 0.8373896660928202,
  "biggest_win": 28.0,
  "biggest_loss": -10.0
}