{
  "total_bets": 286,
  "wins": 142,
  "losses": 144,
  "win_rate": 0.4965034965034965,
  "total_wagered": 2860.0,
  "total_payout": 2483.7318201065063,
  "total_profit": -376.26818454265594,
  "roi": -0.13156230228764193,
  "avg_confidence": 0.8368069587887584,
  "biggest_win": 28.0,
  "biggest_loss": -10.0
}