{
  "total_bets": 201,
  "wins": 93,
  "losses": 108,
  "win_rate": 0.4626865671641791,
  "total_wagered": 2010.0,
  "total_payout": 1638.179069519043,
  "total_profit": -371.8209375143051,
  "roi": -0.1849855410518931,
  "avg_confidence": 0.833829389875801,
  "biggest_win": 28.0,
  "biggest_loss": -10.0
}