{
  "total_bets": 277,
  "wins": 137,
  "losses": 140,
  "win_rate": 0.49458483754512633,
  "total_wagered": 2770.0,
  "total_payout": 2403.3107862472534,
  "total_profit": -366.689221739769,
  "roi": -0.13237878041146894,
  "avg_confidence": 0.8364692310994283,
  "biggest_win": 28.0,
  "biggest_loss": -10.0
}