{
  "total_bets": 45,
  "wins": 18,
  "losses": 27,
  "win_rate": 0.4,
  "total_wagered": 450.0,
  "total_payout": 359.2598352432251,
  "total_profit": -90.74016797542572,
  "roi": -0.20164481772316828,
  "avg_confidence": 0.7900900099012587,
  "biggest_win": 28.0,
  "biggest_loss": -10.0
}