{
  "total_bets": 93,
  "wins": 38,
  "losses": 55,
  "win_rate": 0.40860215053763443,
  "total_wagered": 930.0,
  "total_payout": 698.888916015625,
  "total_profit": -231.1110862493515,
  "roi": -0.2485065443541414,
  "avg_confidence": 0.817778625155008,
  "biggest_win": 28.0,
  "biggest_loss": -10.0
}