{
  "total_bets": 314,
  "wins": 158,
  "losses": 156,
  "win_rate": 0.5031847133757962,
  "total_wagered": 3140.0,
  "total_payout": 2753.52774143219,
  "total_profit": -386.47226226329803,
  "roi": -0.12308033830041339,
  "avg_confidence": 0.8375904679678048,
  "biggest_win": 28.0,
  "biggest_loss": -10.0
}