{
  "total_bets": 256,
  "wins": 125,
  "losses": 131,
  "win_rate": 0.48828125,
  "total_wagered": 2560.0,
  "total_payout": 2196.642424583435,
  "total_profit": -363.35758101940155,
  "roi": -0.14193655508570374,
  "avg_confidence": 0.8355809689965099,
  "biggest_win": 28.0,
  "biggest_loss": -10.0
}