{
  "total_parlays": 65,
  "wins": 17,
  "losses": 48,
  "win_rate": 0.26153846153846155,
  "total_wagered": 650.0,
  "total_profit": -190.67141151428223,
  "roi": -29.334063309889576,
  "biggest_win": 22.685787200927734,
  "biggest_loss": -10.0
}