{
  "total_parlays": 28,
  "wins": 5,
  "losses": 23,
  "win_rate": 0.17857142857142858,
  "total_wagered": 280.0,
  "total_profit": -142.27791786193848,
  "roi": -50.81354209354946,
  "biggest_win": 21.71814727783203,
  "biggest_loss": -10.0
}