{
  "total_parlays": 46,
  "wins": 10,
  "losses": 36,
  "win_rate": 0.21739130434782608,
  "total_wagered": 460.0,
  "total_profit": -185.6674919128418,
  "roi": -40.362498241922125,
  "biggest_win": 22.685787200927734,
  "biggest_loss": -10.0
}