{
  "total_parlays": 51,
  "wins": 11,
  "losses": 40,
  "win_rate": 0.21568627450980393,
  "total_wagered": 510.0,
  "total_profit": -209.41061210632324,
  "roi": -41.06090433457318,
  "biggest_win": 22.685787200927734,
  "biggest_loss": -10.0
}