{
  "total_parlays": 24,
  "wins": 5,
  "losses": 19,
  "win_rate": 0.20833333333333334,
  "total_wagered": 240.0,
  "total_profit": -102.27791786193848,
  "roi": -42.61579910914104,
  "biggest_win": 21.71814727783203,
  "biggest_loss": -10.0
}