{
  "total_parlays": 27,
  "wins": 5,
  "losses": 22,
  "win_rate": 0.18518518518518517,
  "total_wagered": 270.0,
  "total_profit": -132.27791786193848,
  "roi": -48.991821430347585,
  "biggest_win": 21.71814727783203,
  "biggest_loss": -10.0
}