{
  "total_parlays": 32,
  "wins": 7,
  "losses": 25,
  "win_rate": 0.21875,
  "total_wagered": 320.0,
  "total_profit": -128.7037181854248,
  "roi": -40.21991193294525,
  "biggest_win": 21.71814727783203,
  "biggest_loss": -10.0
}