{
  "total_parlays": 20,
  "wins": 5,
  "losses": 15,
  "win_rate": 0.25,
  "total_wagered": 200.0,
  "total_profit": -62.27791786193848,
  "roi": -31.138958930969242,
  "biggest_win": 21.71814727783203,
  "biggest_loss": -10.0
}