{
  "total_parlays": 53,
  "wins": 12,
  "losses": 41,
  "win_rate": 0.22641509433962265,
  "total_wagered": 530.0,
  "total_profit": -199.24932098388672,
  "roi": -37.59421150639372,
  "biggest_win": 22.685787200927734,
  "biggest_loss": -10.0
}