{
  "total_parlays": 37,
  "wins": 8,
  "losses": 29,
  "win_rate": 0.21621621621621623,
  "total_wagered": 370.0,
  "total_profit": -153.74573516845703,
  "roi": -41.55290139688027,
  "biggest_win": 21.71814727783203,
  "biggest_loss": -10.0
}