{
  "total_parlays": 17,
  "wins": 4,
  "losses": 13,
  "win_rate": 0.23529411764705882,
  "total_wagered": 170.0,
  "total_profit": -56.176727294921875,
  "roi": -33.04513370289522,
  "biggest_win": 21.71814727783203,
  "biggest_loss": -10.0
}