{
  "total_parlays": 26,
  "wins": 5,
  "losses": 21,
  "win_rate": 0.19230769230769232,
  "total_wagered": 260.0,
  "total_profit": -122.27791786193848,
  "roi": -47.02996840843788,
  "biggest_win": 21.71814727783203,
  "biggest_loss": -10.0
}