{
  "total_parlays": 70,
  "wins": 17,
  "losses": 53,
  "win_rate": 0.24285714285714285,
  "total_wagered": 700.0,
  "total_profit": -240.67141151428223,
  "roi": -34.38163021632603,
  "biggest_win": 22.685787200927734,
  "biggest_loss": -10.0
}