{
  "total_parlays": 71,
  "wins": 17,
  "losses": 54,
  "win_rate": 0.23943661971830985,
  "total_wagered": 710.0,
  "total_profit": -250.67141151428223,
  "roi": -35.305832607645385,
  "biggest_win": 22.685787200927734,
  "biggest_loss": -10.0
}