{
  "total_parlays": 78,
  "wins": 18,
  "losses": 60,
  "win_rate": 0.23076923076923078,
  "total_wagered": 780.0,
  "total_profit": -287.0537395477295,
  "roi": -36.80176148047814,
  "biggest_win": 23.617671966552734,
  "biggest_loss": -10.0
}