{
  "total_parlays": 13,
  "wins": 3,
  "losses": 10,
  "win_rate": 0.23076923076923078,
  "total_wagered": 130.0,
  "total_profit": -46.57038497924805,
  "roi": -35.82337306096004,
  "biggest_win": 21.71814727783203,
  "biggest_loss": -10.0
}