{
  "total_parlays": 30,
  "wins": 7,
  "losses": 23,
  "win_rate": 0.23333333333333334,
  "total_wagered": 300.0,
  "total_profit": -108.7037181854248,
  "roi": -36.23457272847494,
  "biggest_win": 21.71814727783203,
  "biggest_loss": -10.0
}