{
  "total_parlays": 42,
  "wins": 10,
  "losses": 32,
  "win_rate": 0.23809523809523808,
  "total_wagered": 420.0,
  "total_profit": -145.6674919128418,
  "roi": -34.68273616972424,
  "biggest_win": 22.685787200927734,
  "biggest_loss": -10.0
}