{
  "total_parlays": 16,
  "wins": 3,
  "losses": 13,
  "win_rate": 0.1875,
  "total_wagered": 160.0,
  "total_profit": -76.57038497924805,
  "roi": -47.85649061203003,
  "biggest_win": 21.71814727783203,
  "biggest_loss": -10.0
}