{
  "total_parlays": 44,
  "wins": 10,
  "losses": 34,
  "win_rate": 0.22727272727272727,
  "total_wagered": 440.0,
  "total_profit": -165.6674919128418,
  "roi": -37.65170270746405,
  "biggest_win": 22.685787200927734,
  "biggest_loss": -10.0
}