{
  "total_parlays": 31,
  "wins": 7,
  "losses": 24,
  "win_rate": 0.22580645161290322,
  "total_wagered": 310.0,
  "total_profit": -118.7037181854248,
  "roi": -38.291521995298325,
  "biggest_win": 21.71814727783203,
  "biggest_loss": -10.0
}