{
  "total_parlays": 43,
  "wins": 10,
  "losses": 33,
  "win_rate": 0.23255813953488372,
  "total_wagered": 430.0,
  "total_profit": -155.6674919128418,
  "roi": -36.201742305312045,
  "biggest_win": 22.685787200927734,
  "biggest_loss": -10.0
}