{
  "total_parlays": 55,
  "wins": 14,
  "losses": 41,
  "win_rate": 0.2545454545454545,
  "total_wagered": 550.0,
  "total_profit": -167.28919982910156,
  "roi": -30.41621815074574,
  "biggest_win": 22.685787200927734,
  "biggest_loss": -10.0
}