{
  "total_parlays": 29,
  "wins": 6,
  "losses": 23,
  "win_rate": 0.20689655172413793,
  "total_wagered": 290.0,
  "total_profit": -125.1774845123291,
  "roi": -43.16464983183762,
  "biggest_win": 21.71814727783203,
  "biggest_loss": -10.0
}