{
  "total_parlays": 35,
  "wins": 8,
  "losses": 27,
  "win_rate": 0.22857142857142856,
  "total_wagered": 350.0,
  "total_profit": -133.74573516845703,
  "roi": -38.21306719098772,
  "biggest_win": 21.71814727783203,
  "biggest_loss": -10.0
}