{
  "total_parlays": 21,
  "wins": 5,
  "losses": 16,
  "win_rate": 0.23809523809523808,
  "total_wagered": 210.0,
  "total_profit": -72.27791786193848,
  "roi": -34.41805612473261,
  "biggest_win": 21.71814727783203,
  "biggest_loss": -10.0
}