{
  "total_parlays": 50,
  "wins": 11,
  "losses": 39,
  "win_rate": 0.22,
  "total_wagered": 500.0,
  "total_profit": -199.41061210632324,
  "roi": -39.88212242126465,
  "biggest_win": 22.685787200927734,
  "biggest_loss": -10.0
}