{
  "total_parlays": 61,
  "wins": 16,
  "losses": 45,
  "win_rate": 0.26229508196721313,
  "total_wagered": 610.0,
  "total_profit": -178.70866775512695,
  "roi": -29.296502910676548,
  "biggest_win": 22.685787200927734,
  "biggest_loss": -10.0
}