{
  "total_parlays": 25,
  "wins": 5,
  "losses": 20,
  "win_rate": 0.2,
  "total_wagered": 250.0,
  "total_profit": -112.27791786193848,
  "roi": -44.91116714477539,
  "biggest_win": 21.71814727783203,
  "biggest_loss": -10.0
}