{
  "total_parlays": 52,
  "wins": 11,
  "losses": 41,
  "win_rate": 0.21153846153846154,
  "total_wagered": 520.0,
  "total_profit": -219.41061210632324,
  "roi": -42.19434848198524,
  "biggest_win": 22.685787200927734,
  "biggest_loss": -10.0
}