{
  "total_parlays": 56,
  "wins": 14,
  "losses": 42,
  "win_rate": 0.25,
  "total_wagered": 560.0,
  "total_profit": -177.28919982910156,
  "roi": -31.658785683768137,
  "biggest_win": 22.685787200927734,
  "biggest_loss": -10.0
}