{
  "total_parlays": 54,
  "wins": 13,
  "losses": 41,
  "win_rate": 0.24074074074074073,
  "total_wagered": 540.0,
  "total_profit": -184.7819118499756,
  "roi": -34.21887256481029,
  "biggest_win": 22.685787200927734,
  "biggest_loss": -10.0
}