{
  "total_parlays": 69,
  "wins": 17,
  "losses": 52,
  "win_rate": 0.2463768115942029,
  "total_wagered": 690.0,
  "total_profit": -230.67141151428223,
  "roi": -33.430639349895976,
  "biggest_win": 22.685787200927734,
  "biggest_loss": -10.0
}