{
  "total_parlays": 15,
  "wins": 3,
  "losses": 12,
  "win_rate": 0.2,
  "total_wagered": 150.0,
  "total_profit": -66.57038497924805,
  "roi": -44.38025665283203,
  "biggest_win": 21.71814727783203,
  "biggest_loss": -10.0
}