{
  "total_parlays": 72,
  "wins": 17,
  "losses": 55,
  "win_rate": 0.2361111111111111,
  "total_wagered": 720.0,
  "total_profit": -260.6714115142822,
  "roi": -36.20436271031698,
  "biggest_win": 22.685787200927734,
  "biggest_loss": -10.0
}