{
  "total_parlays": 33,
  "wins": 7,
  "losses": 26,
  "win_rate": 0.21212121212121213,
  "total_wagered": 330.0,
  "total_profit": -138.7037181854248,
  "roi": -42.03142975315903,
  "biggest_win": 21.71814727783203,
  "biggest_loss": -10.0
}