{
  "total_parlays": 23,
  "wins": 5,
  "losses": 18,
  "win_rate": 0.21739130434782608,
  "total_wagered": 230.0,
  "total_profit": -92.27791786193848,
  "roi": -40.12083385301673,
  "biggest_win": 21.71814727783203,
  "biggest_loss": -10.0
}