{
  "total_parlays": 57,
  "wins": 14,
  "losses": 43,
  "win_rate": 0.24561403508771928,
  "total_wagered": 570.0,
  "total_profit": -187.28919982910156,
  "roi": -32.857754355982735,
  "biggest_win": 22.685787200927734,
  "biggest_loss": -10.0
}