{
  "total_parlays": 77,
  "wins": 17,
  "losses": 60,
  "win_rate": 0.22077922077922077,
  "total_wagered": 770.0,
  "total_profit": -310.6714115142822,
  "roi": -40.34693656029639,
  "biggest_win": 22.685787200927734,
  "biggest_loss": -10.0
}