{
  "total_parlays": 38,
  "wins": 8,
  "losses": 30,
  "win_rate": 0.21052631578947367,
  "total_wagered": 380.0,
  "total_profit": -163.74573516845703,
  "roi": -43.09098293906764,
  "biggest_win": 21.71814727783203,
  "biggest_loss": -10.0
}