{
  "total_parlays": 49,
  "wins": 11,
  "losses": 38,
  "win_rate": 0.22448979591836735,
  "total_wagered": 490.0,
  "total_profit": -189.41061210632324,
  "roi": -38.65522696047413,
  "biggest_win": 22.685787200927734,
  "biggest_loss": -10.0
}