{
  "total_parlays": 73,
  "wins": 17,
  "losses": 56,
  "win_rate": 0.2328767123287671,
  "total_wagered": 730.0,
  "total_profit": -270.6714115142822,
  "roi": -37.078275549901676,
  "biggest_win": 22.685787200927734,
  "biggest_loss": -10.0
}