{
  "total_parlays": 41,
  "wins": 10,
  "losses": 31,
  "win_rate": 0.24390243902439024,
  "total_wagered": 410.0,
  "total_profit": -135.6674919128418,
  "roi": -33.089632173863855,
  "biggest_win": 22.685787200927734,
  "biggest_loss": -10.0
}