{
  "total_parlays": 11,
  "wins": 1,
  "losses": 10,
  "win_rate": 0.09090909090909091,
  "total_wagered": 110.0,
  "total_profit": -78.28185272216797,
  "roi": -71.16532065651634,
  "biggest_win": 21.71814727783203,
  "biggest_loss": -10.0
}