{
  "total_parlays": 59,
  "wins": 15,
  "losses": 44,
  "win_rate": 0.2542372881355932,
  "total_wagered": 590.0,
  "total_profit": -183.9284324645996,
  "roi": -31.174310587220273,
  "biggest_win": 22.685787200927734,
  "biggest_loss": -10.0
}