{
  "total_parlays": 74,
  "wins": 17,
  "losses": 57,
  "win_rate": 0.22972972972972974,
  "total_wagered": 740.0,
  "total_profit": -280.6714115142822,
  "roi": -37.928569123551654,
  "biggest_win": 22.685787200927734,
  "biggest_loss": -10.0
}