{
  "total_parlays": 75,
  "wins": 17,
  "losses": 58,
  "win_rate": 0.22666666666666666,
  "total_wagered": 750.0,
  "total_profit": -290.6714115142822,
  "roi": -38.756188201904294,
  "biggest_win": 22.685787200927734,
  "biggest_loss": -10.0
}