{
  "total_parlays": 64,
  "wins": 17,
  "losses": 47,
  "win_rate": 0.265625,
  "total_wagered": 640.0,
  "total_profit": -180.67141151428223,
  "roi": -28.2299080491066,
  "biggest_win": 22.685787200927734,
  "biggest_loss": -10.0
}