{
  "total_parlays": 62,
  "wins": 17,
  "losses": 45,
  "win_rate": 0.27419354838709675,
  "total_wagered": 620.0,
  "total_profit": -160.67141151428223,
  "roi": -25.914743792626165,
  "biggest_win": 22.685787200927734,
  "biggest_loss": -10.0
}