{
  "total_parlays": 45,
  "wins": 10,
  "losses": 35,
  "win_rate": 0.2222222222222222,
  "total_wagered": 450.0,
  "total_profit": -175.6674919128418,
  "roi": -39.03722042507595,
  "biggest_win": 22.685787200927734,
  "biggest_loss": -10.0
}