{
  "total_parlays": 39,
  "wins": 9,
  "losses": 30,
  "win_rate": 0.23076923076923078,
  "total_wagered": 390.0,
  "total_profit": -148.35327911376953,
  "roi": -38.03930233686398,
  "biggest_win": 21.71814727783203,
  "biggest_loss": -10.0
}