{
  "total_parlays": 67,
  "wins": 17,
  "losses": 50,
  "win_rate": 0.2537313432835821,
  "total_wagered": 670.0,
  "total_profit": -210.67141151428223,
  "roi": -31.44349425586302,
  "biggest_win": 22.685787200927734,
  "biggest_loss": -10.0
}