{
  "total_parlays": 40,
  "wins": 10,
  "losses": 30,
  "win_rate": 0.25,
  "total_wagered": 400.0,
  "total_profit": -125.6674919128418,
  "roi": -31.416872978210446,
  "biggest_win": 22.685787200927734,
  "biggest_loss": -10.0
}