{
  "total_parlays": 18,
  "wins": 4,
  "losses": 14,
  "win_rate": 0.2222222222222222,
  "total_wagered": 180.0,
  "total_profit": -66.17672729492188,
  "roi": -36.76484849717882,
  "biggest_win": 21.71814727783203,
  "biggest_loss": -10.0
}