{
  "total_parlays": 34,
  "wins": 7,
  "losses": 27,
  "win_rate": 0.20588235294117646,
  "total_wagered": 340.0,
  "total_profit": -148.7037181854248,
  "roi": -43.73638770159553,
  "biggest_win": 21.71814727783203,
  "biggest_loss": -10.0
}