{
  "total_parlays": 12,
  "wins": 2,
  "losses": 10,
  "win_rate": 0.16666666666666666,
  "total_wagered": 120.0,
  "total_profit": -61.501169204711914,
  "roi": -51.250974337259926,
  "biggest_win": 21.71814727783203,
  "biggest_loss": -10.0
}