{
  "total_parlays": 68,
  "wins": 17,
  "losses": 51,
  "win_rate": 0.25,
  "total_wagered": 680.0,
  "total_profit": -220.67141151428223,
  "roi": -32.45167816386503,
  "biggest_win": 22.685787200927734,
  "biggest_loss": -10.0
}