{
  "total_parlays": 48,
  "wins": 11,
  "losses": 37,
  "win_rate": 0.22916666666666666,
  "total_wagered": 480.0,
  "total_profit": -179.41061210632324,
  "roi": -37.37721085548401,
  "biggest_win": 22.685787200927734,
  "biggest_loss": -10.0
}