{
  "total_parlays": 19,
  "wins": 4,
  "losses": 15,
  "win_rate": 0.21052631578947367,
  "total_wagered": 190.0,
  "total_profit": -76.17672729492188,
  "roi": -40.09301436574835,
  "biggest_win": 21.71814727783203,
  "biggest_loss": -10.0
}