{
  "total_parlays": 66,
  "wins": 17,
  "losses": 49,
  "win_rate": 0.25757575757575757,
  "total_wagered": 660.0,
  "total_profit": -200.67141151428223,
  "roi": -30.404759320345793,
  "biggest_win": 22.685787200927734,
  "biggest_loss": -10.0
}