{
  "total_parlays": 22,
  "wins": 5,
  "losses": 17,
  "win_rate": 0.22727272727272727,
  "total_wagered": 220.0,
  "total_profit": -82.27791786193848,
  "roi": -37.3990535736084,
  "biggest_win": 21.71814727783203,
  "biggest_loss": -10.0
}