{
  "total_parlays": 60,
  "wins": 15,
  "losses": 45,
  "win_rate": 0.25,
  "total_wagered": 600.0,
  "total_profit": -193.9284324645996,
  "roi": -32.3214054107666,
  "biggest_win": 22.685787200927734,
  "biggest_loss": -10.0
}