{
  "total_parlays": 36,
  "wins": 8,
  "losses": 28,
  "win_rate": 0.2222222222222222,
  "total_wagered": 360.0,
  "total_profit": -143.74573516845703,
  "roi": -39.92937088012695,
  "biggest_win": 21.71814727783203,
  "biggest_loss": -10.0
}