{
  "total_parlays": 76,
  "wins": 17,
  "losses": 59,
  "win_rate": 0.2236842105263158,
  "total_wagered": 760.0,
  "total_profit": -300.6714115142822,
  "roi": -39.56202783082661,
  "biggest_win": 22.685787200927734,
  "biggest_loss": -10.0
}