{
  "total_parlays": 47,
  "wins": 10,
  "losses": 37,
  "win_rate": 0.2127659574468085,
  "total_wagered": 470.0,
  "total_profit": -195.6674919128418,
  "roi": -41.63138125805145,
  "biggest_win": 22.685787200927734,
  "biggest_loss": -10.0
}