{
  "total_parlays": 58,
  "wins": 15,
  "losses": 43,
  "win_rate": 0.25862068965517243,
  "total_wagered": 580.0,
  "total_profit": -173.9284324645996,
  "roi": -29.987660769758552,
  "biggest_win": 22.685787200927734,
  "biggest_loss": -10.0
}