{
  "total_parlays": 14,
  "wins": 3,
  "losses": 11,
  "win_rate": 0.21428571428571427,
  "total_wagered": 140.0,
  "total_profit": -56.57038497924805,
  "roi": -40.40741784232003,
  "biggest_win": 21.71814727783203,
  "biggest_loss": -10.0
}