{
  "total_parlays": 63,
  "wins": 17,
  "losses": 46,
  "win_rate": 0.2698412698412698,
  "total_wagered": 630.0,
  "total_profit": -170.67141151428223,
  "roi": -27.09070024036226,
  "biggest_win": 22.685787200927734,
  "biggest_loss": -10.0
}